N,P,K,temperature,humidity,ph,rainfall,label
102,97,19,34.35,65.48,4.5,63.68,rice
74,92,121,29.64,74.89,3.63,291.57,rice
37,134,196,43.72,67.1,7.41,21.98,rice
88,53,63,22.39,18.01,9.73,85.18,rice
50,112,59,43.4,54.14,9.0,210.49,rice
72,22,136,41.92,62.44,5.97,24.47,rice
129,88,96,23.85,24.5,6.67,29.63,rice
80,54,108,35.19,50.56,4.83,178.96,rice
43,18,99,41.19,21.61,4.75,32.66,rice
39,86,115,37.83,44.68,5.3,171.95,rice
40,19,49,10.68,98.87,8.44,75.64,rice
62,143,85,33.61,81.96,7.38,279.36,rice
40,32,139,38.6,52.65,4.11,123.83,rice
61,41,103,29.29,37.63,7.09,127.22,rice
130,5,9,28.21,80.3,6.66,166.37,rice
14,94,46,23.82,31.35,9.23,153.1,rice
95,136,155,29.76,60.43,4.8,284.0,rice
70,90,32,41.47,83.5,7.55,264.01,rice
27,112,48,22.99,89.96,5.58,54.18,rice
128,125,31,23.38,84.35,9.01,21.95,rice
136,66,169,32.93,37.17,5.06,67.12,rice
95,117,66,42.98,96.77,5.11,159.23,rice
112,105,117,43.92,36.94,9.75,135.09,rice
86,133,151,32.51,59.66,6.37,174.81,rice
67,127,149,34.22,45.63,7.55,197.39,rice
138,101,128,26.3,73.84,8.99,111.27,rice
89,100,203,14.28,73.42,5.98,282.28,rice
128,15,189,12.09,93.52,9.11,92.22,rice
89,116,64,17.39,99.68,9.68,176.32,rice
8,103,151,34.13,91.15,9.18,238.37,rice
115,79,117,13.82,91.28,7.38,22.58,rice
98,97,150,13.79,61.19,7.93,202.55,rice
67,37,146,19.71,78.2,7.66,257.78,rice
127,37,180,11.37,45.62,5.2,88.32,rice
37,113,55,40.11,68.28,8.59,160.74,rice
27,115,196,39.11,33.8,6.69,180.16,rice
48,21,176,41.86,96.04,9.36,123.64,rice
36,28,97,23.41,97.13,9.67,258.84,rice
66,132,22,28.04,94.51,7.95,179.62,rice
23,118,36,32.16,44.84,5.13,102.68,rice
16,108,165,12.92,74.97,7.04,103.02,rice
25,103,54,39.21,92.54,6.77,160.42,rice
19,69,12,33.27,82.44,9.2,114.64,rice
91,102,70,23.79,71.79,5.6,63.41,rice
124,62,62,9.1,17.21,8.76,120.85,rice
100,12,57,17.78,97.01,6.43,255.77,rice
115,98,51,33.18,25.9,4.35,291.47,rice
105,124,67,23.61,77.99,5.11,71.61,rice
61,27,131,33.06,49.17,4.61,63.8,rice
33,100,130,11.38,29.73,9.48,198.72,rice
68,26,97,23.11,35.3,5.78,232.2,rice
28,73,51,9.47,87.57,8.0,152.77,rice
84,43,104,14.24,51.31,6.05,192.44,rice
68,104,38,17.39,15.32,9.47,160.29,rice
68,8,20,10.54,69.25,3.67,184.02,rice
83,144,182,28.64,25.05,8.69,249.78,rice
11,71,69,42.6,91.86,4.75,39.42,rice
94,50,134,9.4,67.17,5.65,203.6,rice
92,94,166,17.39,56.66,7.93,117.53,rice
74,124,168,23.05,97.21,7.01,138.57,rice
98,40,100,20.27,94.05,8.99,140.12,rice
12,27,103,11.71,91.62,6.73,251.41,rice
85,23,181,9.93,96.43,8.92,119.37,rice
27,132,56,28.64,68.34,6.37,102.1,rice
24,127,57,36.5,81.91,4.08,158.44,rice
121,137,167,39.96,44.18,4.25,60.04,rice
73,11,178,33.23,20.26,8.76,217.75,rice
4,33,169,16.4,63.99,9.02,266.5,rice
70,49,136,20.61,74.9,6.58,125.84,rice
90,94,23,12.0,56.37,3.57,151.22,rice
57,65,131,31.37,78.16,7.23,289.41,rice
112,60,165,16.05,96.84,3.58,291.57,rice
60,51,153,9.56,93.52,9.38,90.84,rice
19,51,53,33.05,53.09,7.52,183.61,rice
11,78,20,40.05,53.19,7.47,97.67,rice
91,94,140,20.72,64.19,4.0,292.83,rice
45,39,138,42.19,76.41,7.43,137.11,rice
55,34,113,13.93,49.37,8.48,154.5,rice
10,89,30,21.71,97.41,8.89,254.73,rice
97,109,103,12.82,15.18,3.98,213.68,rice
94,137,106,40.87,64.32,8.15,231.98,rice
82,89,82,15.38,35.62,5.26,78.02,rice
112,36,38,20.89,23.77,7.8,165.69,rice
117,7,127,19.08,84.21,9.7,44.75,rice
56,116,51,23.14,81.48,7.59,245.41,rice
102,42,54,29.24,47.73,6.3,273.16,rice
51,83,34,30.4,88.16,9.58,61.18,rice
73,21,88,24.53,98.28,6.65,112.05,rice
42,119,115,12.64,25.01,4.47,58.87,rice
7,136,108,33.07,49.4,9.1,164.27,rice
60,126,55,9.47,28.53,5.28,69.56,rice
69,5,137,24.59,31.74,5.83,160.96,rice
44,77,30,36.78,68.0,4.02,264.6,rice
62,52,65,8.09,88.67,4.04,187.24,rice
46,131,60,25.44,67.17,5.86,149.51,rice
108,18,191,17.09,75.35,9.23,163.27,rice
17,42,119,16.73,37.15,5.91,25.62,rice
16,90,130,12.31,90.59,7.3,210.15,rice
66,113,150,11.13,60.19,7.26,228.72,rice
112,87,46,18.22,45.23,7.63,179.82,rice
58,113,202,29.81,34.4,4.15,62.8,maize
111,8,98,14.72,38.52,4.61,271.09,maize
130,35,44,33.09,99.76,9.24,181.28,maize
74,8,83,37.41,36.18,4.59,207.22,maize
78,140,30,18.08,80.18,4.7,110.63,maize
18,24,117,27.07,74.82,8.41,44.44,maize
125,143,104,19.54,65.07,5.86,147.2,maize
4,142,176,15.26,72.87,4.06,58.87,maize
72,21,13,29.44,54.56,6.14,117.68,maize
48,73,66,34.86,49.13,9.47,297.46,maize
75,39,5,34.68,63.4,8.89,59.14,maize
104,18,64,13.89,28.13,8.71,206.26,maize
61,136,93,39.58,47.75,8.73,142.96,maize
13,36,183,30.47,60.42,6.31,181.7,maize
52,108,108,30.47,24.05,9.51,195.76,maize
41,19,115,30.32,59.88,9.22,240.81,maize
37,101,159,34.78,16.88,7.15,233.49,maize
122,78,101,11.7,60.14,5.92,147.96,maize
14,140,9,25.51,49.17,8.44,23.42,maize
114,40,30,17.06,43.73,4.66,274.37,maize
37,138,204,23.25,38.76,7.44,275.32,maize
103,115,108,39.4,94.16,7.12,215.06,maize
119,41,76,31.45,80.33,5.9,39.3,maize
50,33,44,38.26,92.32,4.29,86.05,maize
89,114,168,12.49,93.19,9.07,165.27,maize
52,141,184,36.36,65.92,4.23,136.06,maize
89,79,42,20.47,43.84,8.22,146.62,maize
107,29,203,13.96,16.91,5.49,238.54,maize
113,53,203,43.12,53.47,7.07,260.98,maize
62,108,53,18.79,40.65,6.04,139.5,maize
61,36,162,14.86,17.14,6.52,178.16,maize
17,5,82,33.71,59.38,6.92,154.7,maize
62,136,133,20.04,20.49,8.32,96.24,maize
109,128,91,43.24,86.22,9.05,134.24,maize
56,71,191,26.2,65.17,5.67,179.44,maize
50,101,96,16.57,22.55,5.06,222.23,maize
119,50,148,22.3,71.46,4.81,102.08,maize
6,78,11,34.49,86.94,4.29,265.4,maize
28,86,6,40.78,67.73,5.65,251.03,maize
118,144,24,30.47,49.21,7.03,142.12,maize
98,90,112,13.04,88.69,6.62,270.47,maize
127,118,119,26.45,77.79,7.97,132.71,maize
21,8,158,26.92,28.76,5.24,25.15,maize
127,89,46,28.75,37.57,7.05,202.4,maize
121,80,91,11.84,26.04,5.19,94.62,maize
97,16,57,14.31,92.64,6.18,127.28,maize
121,50,68,20.74,96.44,4.68,45.29,maize
114,30,33,22.01,38.83,5.78,221.33,maize
38,58,102,22.28,96.05,4.36,155.45,maize
35,85,194,42.39,27.3,7.49,152.79,maize
72,44,21,22.86,74.62,7.33,148.71,maize
34,135,112,33.01,37.4,7.28,121.07,maize
43,53,193,36.44,73.39,6.84,44.28,maize
79,87,12,31.0,79.28,8.13,198.42,maize
24,93,16,15.96,98.94,9.54,31.04,maize
9,20,203,43.98,61.8,6.53,107.6,maize
78,121,11,18.7,93.5,9.71,284.39,maize
81,120,171,24.39,58.93,7.63,202.05,maize
107,49,102,39.86,59.6,6.32,133.26,maize
38,19,124,27.42,82.0,5.54,195.25,maize
15,112,130,23.03,53.73,9.84,20.07,maize
12,22,164,41.57,20.02,3.56,34.75,maize
61,20,188,17.78,48.25,4.09,114.18,maize
83,137,69,16.6,23.5,5.77,100.43,maize
67,41,157,17.98,92.29,3.79,50.65,maize
120,92,200,15.86,95.7,8.53,45.04,maize
38,67,50,29.63,91.72,9.83,228.14,maize
3,63,76,41.94,69.87,7.39,163.55,maize
73,111,61,15.94,30.03,8.49,118.04,maize
4,58,51,15.79,58.57,7.32,167.01,maize
122,86,66,43.87,91.18,6.47,194.42,maize
124,93,77,40.22,87.97,6.43,129.53,maize
122,33,141,9.6,87.29,3.73,112.13,maize
24,9,143,11.13,49.13,5.89,92.73,maize
132,94,150,10.92,32.94,7.87,41.32,maize
80,118,44,39.78,58.38,9.3,179.97,maize
39,102,44,28.37,36.96,9.12,243.28,maize
91,101,63,39.22,74.92,8.86,215.29,maize
99,11,137,39.71,88.98,3.69,251.23,maize
137,111,185,34.77,27.83,8.73,253.0,maize
11,43,198,18.33,67.06,9.78,196.91,maize
97,92,113,36.07,23.2,8.37,171.55,maize
62,64,83,41.55,22.82,9.5,212.61,maize
67,21,16,10.42,64.07,5.71,193.86,maize
49,18,196,32.34,52.35,7.64,186.43,maize
6,33,143,37.57,45.98,8.74,90.7,maize
25,33,8,23.34,52.82,4.55,242.55,maize
74,120,36,10.97,72.52,7.69,96.51,maize
80,130,188,23.56,95.15,6.19,198.79,maize
5,135,5,19.55,76.3,8.27,76.1,maize
24,28,16,28.26,54.55,6.98,64.59,maize
92,57,12,35.75,86.65,8.37,195.34,maize
23,64,126,30.2,82.5,6.58,52.85,maize
16,130,88,23.49,31.25,6.65,37.98,maize
116,134,92,23.6,98.65,4.46,150.09,maize
63,86,114,43.09,76.08,7.7,231.98,maize
101,140,15,25.3,23.02,5.05,296.27,maize
79,58,90,15.57,43.76,8.47,283.55,maize
96,6,37,39.77,21.1,8.78,120.18,maize
102,107,94,32.82,82.85,4.78,66.9,maize
48,108,65,33.43,16.72,9.49,34.55,chickpea
40,118,12,42.1,67.78,8.51,191.43,chickpea
126,11,88,27.91,65.38,8.52,154.65,chickpea
126,45,192,34.34,21.02,3.89,89.19,chickpea
24,49,126,19.84,54.44,8.26,264.11,chickpea
52,36,55,13.82,15.79,7.68,113.05,chickpea
55,109,63,31.41,31.16,7.85,40.22,chickpea
96,139,80,14.27,96.63,6.16,256.95,chickpea
36,8,112,35.64,57.42,6.98,163.92,chickpea
104,121,102,25.52,89.11,9.26,138.08,chickpea
114,129,16,21.82,54.06,8.85,86.02,chickpea
25,12,104,40.73,29.45,5.02,291.99,chickpea
118,41,73,10.49,51.6,4.12,133.41,chickpea
13,88,134,11.43,70.08,5.5,131.73,chickpea
4,49,155,24.34,34.3,3.97,67.53,chickpea
92,14,80,37.84,51.06,5.09,192.8,chickpea
0,61,68,20.93,46.62,7.38,119.88,chickpea
48,124,48,24.07,88.32,7.07,171.17,chickpea
113,82,134,12.43,33.88,3.83,199.2,chickpea
34,63,73,11.72,64.28,7.9,131.27,chickpea
42,130,54,43.03,63.89,5.13,166.08,chickpea
37,88,155,9.08,40.48,8.01,76.52,chickpea
118,12,89,11.38,71.84,6.34,263.08,chickpea
85,38,197,38.17,95.24,7.87,159.21,chickpea
25,140,51,28.54,16.61,9.46,213.07,chickpea
32,5,151,41.87,85.11,7.77,181.61,chickpea
62,77,165,22.65,88.88,8.51,178.76,chickpea
67,102,129,35.55,93.61,6.3,272.39,chickpea
22,87,113,37.44,24.34,6.98,21.61,chickpea
64,80,203,28.28,46.72,7.01,187.02,chickpea
34,106,15,29.72,71.47,7.46,149.78,chickpea
2,89,30,42.25,86.86,9.35,247.85,chickpea
11,137,52,28.89,59.89,7.39,234.17,chickpea
69,50,112,42.4,15.57,4.75,22.12,chickpea
46,121,128,42.37,70.3,5.93,75.2,chickpea
18,38,82,25.49,36.08,5.32,106.04,chickpea
34,140,148,11.23,75.72,6.06,293.48,chickpea
89,93,98,14.52,72.58,4.66,167.05,chickpea
70,60,174,14.67,92.93,6.22,44.37,chickpea
53,133,176,9.56,68.45,9.59,188.45,chickpea
117,25,141,36.57,69.61,4.62,121.02,chickpea
71,53,158,17.2,39.98,8.18,258.33,chickpea
88,73,179,16.47,88.76,6.53,169.9,chickpea
36,15,142,17.25,68.35,3.87,59.7,chickpea
63,39,11,33.03,48.77,6.24,220.93,chickpea
23,50,23,29.72,43.0,9.3,236.33,chickpea
35,101,168,14.91,41.81,4.95,119.4,chickpea
12,53,64,10.43,82.83,5.0,171.2,chickpea
49,71,48,19.68,42.64,7.78,298.36,chickpea
1,106,39,34.3,54.01,3.88,177.44,chickpea
35,81,35,35.17,28.66,6.12,138.35,chickpea
54,16,149,18.83,98.39,6.54,127.11,chickpea
22,96,119,13.49,99.35,9.43,171.19,chickpea
120,34,153,11.35,36.11,8.54,262.11,chickpea
15,42,146,12.24,33.55,5.69,126.65,chickpea
1,79,71,22.29,52.46,7.34,164.39,chickpea
85,64,105,22.08,57.1,6.04,171.13,chickpea
34,138,71,36.44,40.2,4.02,132.83,chickpea
65,95,134,16.05,96.33,7.17,281.16,chickpea
24,58,37,41.22,55.89,7.38,234.15,chickpea
124,135,173,37.71,71.3,4.28,153.91,chickpea
24,83,72,10.88,80.8,4.28,186.4,chickpea
30,82,24,23.82,23.09,7.6,80.49,chickpea
129,64,155,13.47,19.28,8.5,148.74,chickpea
129,130,15,35.15,67.28,5.4,140.49,chickpea
136,103,153,12.37,40.08,4.15,213.81,chickpea
96,8,8,43.88,84.0,7.44,105.75,chickpea
51,128,170,23.34,25.24,9.17,145.94,chickpea
6,96,18,14.37,47.29,9.67,89.6,chickpea
61,83,153,35.37,25.79,6.93,80.26,chickpea
81,143,195,25.98,36.88,4.46,55.62,chickpea
33,56,116,34.54,54.94,5.91,130.45,chickpea
41,25,46,40.12,96.16,8.54,108.31,chickpea
128,134,64,10.75,38.03,9.45,90.86,chickpea
20,32,38,21.91,52.71,4.95,269.03,chickpea
86,92,177,13.41,77.42,6.78,210.46,chickpea
76,91,47,31.73,82.98,4.17,29.96,chickpea
20,62,163,18.68,44.07,8.46,205.18,chickpea
27,55,190,11.54,70.79,8.39,94.21,chickpea
37,115,116,42.84,39.41,8.42,194.91,chickpea
48,40,130,17.39,19.96,9.64,153.91,chickpea
113,14,153,12.51,54.79,4.23,156.08,chickpea
94,36,36,31.63,25.02,5.66,279.86,chickpea
58,82,128,21.99,28.08,5.25,279.93,chickpea
31,117,124,43.73,71.75,5.53,266.2,chickpea
11,22,153,35.18,53.61,8.89,223.98,chickpea
134,90,154,43.45,94.62,3.78,66.15,chickpea
28,31,54,15.69,57.5,8.88,225.18,chickpea
96,7,195,11.81,27.03,4.1,181.61,chickpea
24,132,115,13.79,61.99,8.7,227.68,chickpea
2,136,108,14.98,89.66,7.71,107.06,chickpea
127,50,159,32.76,46.27,6.95,166.76,chickpea
89,62,58,37.98,14.95,8.3,232.43,chickpea
19,79,148,13.36,40.28,9.11,298.97,chickpea
131,115,129,31.16,81.11,4.89,58.59,chickpea
53,107,153,9.05,28.35,4.66,128.55,chickpea
16,123,75,25.32,69.24,3.92,182.4,chickpea
54,136,124,29.73,72.18,8.65,95.55,chickpea
59,53,67,10.77,19.04,5.64,239.77,chickpea
116,104,196,26.73,46.12,4.28,225.94,chickpea
62,120,117,29.54,77.27,9.89,281.27,kidneybeans
44,8,152,36.28,24.18,6.12,255.14,kidneybeans
74,107,141,42.21,31.45,7.12,294.3,kidneybeans
2,111,117,29.09,64.44,7.97,280.29,kidneybeans
50,39,50,16.12,46.41,6.46,154.65,kidneybeans
73,9,104,12.81,20.93,8.16,159.01,kidneybeans
128,28,61,8.25,18.93,4.94,56.78,kidneybeans
56,35,88,31.65,96.27,3.94,35.98,kidneybeans
85,139,167,17.92,81.69,9.74,123.94,kidneybeans
105,74,48,13.63,87.37,3.8,193.52,kidneybeans
106,25,200,19.35,80.38,4.05,86.3,kidneybeans
119,132,146,34.31,98.39,5.14,203.17,kidneybeans
48,119,93,42.09,97.19,4.67,26.17,kidneybeans
116,131,75,32.62,60.88,9.78,83.67,kidneybeans
27,47,173,36.5,61.2,7.42,83.32,kidneybeans
97,69,78,13.97,95.33,8.94,207.33,kidneybeans
97,116,183,31.44,60.91,3.9,163.5,kidneybeans
58,142,103,9.87,81.62,4.79,92.41,kidneybeans
19,131,72,35.24,58.67,4.81,265.79,kidneybeans
115,96,18,16.6,52.81,9.8,236.16,kidneybeans
65,135,204,18.17,47.6,8.61,124.14,kidneybeans
22,93,127,21.7,80.7,9.67,77.05,kidneybeans
73,12,156,20.84,79.14,5.27,107.46,kidneybeans
136,51,147,40.94,59.84,4.51,214.85,kidneybeans
11,134,11,30.09,45.23,9.24,67.28,kidneybeans
128,12,105,34.37,84.55,5.5,243.61,kidneybeans
109,23,36,12.24,77.62,5.55,296.76,kidneybeans
108,123,25,34.11,41.78,9.88,294.34,kidneybeans
58,132,31,32.73,22.0,3.69,250.43,kidneybeans
125,137,193,20.13,39.5,9.38,51.01,kidneybeans
59,125,143,40.45,70.04,5.51,91.21,kidneybeans
130,80,34,14.26,75.23,8.79,48.18,kidneybeans
33,45,55,24.21,78.4,7.67,193.86,kidneybeans
16,73,112,24.97,98.2,7.56,55.35,kidneybeans
15,70,172,8.14,72.62,4.57,203.48,kidneybeans
0,91,132,31.14,73.7,6.78,105.49,kidneybeans
20,61,121,22.7,79.3,9.28,85.17,kidneybeans
136,103,81,40.36,69.97,9.1,20.05,kidneybeans
90,102,124,21.66,33.5,5.94,56.08,kidneybeans
29,82,88,8.65,50.24,3.67,290.55,kidneybeans
82,114,183,37.74,74.14,8.87,294.9,kidneybeans
62,77,128,37.86,38.21,9.09,51.52,kidneybeans
60,34,13,8.45,54.31,5.43,187.54,kidneybeans
77,45,200,10.32,89.44,9.11,112.51,kidneybeans
85,124,131,30.54,59.69,8.86,99.88,kidneybeans
11,39,15,43.84,87.59,6.84,37.82,kidneybeans
19,105,199,25.58,77.43,6.86,29.14,kidneybeans
34,69,12,26.63,51.02,5.53,141.69,kidneybeans
46,19,109,20.27,28.17,4.59,285.47,kidneybeans
37,24,161,31.03,72.17,4.34,85.57,kidneybeans
75,71,90,17.46,37.35,6.53,295.48,kidneybeans
71,91,170,10.55,35.88,5.82,152.3,kidneybeans
26,140,128,24.91,52.74,6.53,194.31,kidneybeans
34,88,60,29.27,60.18,8.97,33.86,kidneybeans
135,47,152,11.89,43.14,8.64,180.17,kidneybeans
61,110,111,9.6,37.89,8.73,99.68,kidneybeans
16,92,25,20.43,57.64,9.1,158.19,kidneybeans
10,143,81,41.46,28.21,6.0,224.36,kidneybeans
71,113,16,32.29,39.52,8.1,287.13,kidneybeans
7,95,178,9.84,36.15,3.88,189.06,kidneybeans
81,72,165,24.42,45.74,4.27,137.31,kidneybeans
83,117,80,10.89,44.51,9.53,207.2,kidneybeans
104,55,79,29.55,57.19,4.39,52.41,kidneybeans
38,32,7,34.06,24.37,9.28,38.6,kidneybeans
93,44,6,8.42,50.29,5.39,156.08,kidneybeans
44,105,66,28.11,43.51,8.17,202.64,kidneybeans
27,25,186,38.67,48.74,4.0,171.91,kidneybeans
121,34,192,16.15,47.04,6.38,182.19,kidneybeans
40,67,27,19.48,64.07,5.88,188.3,kidneybeans
99,128,165,26.93,58.0,4.56,200.81,kidneybeans
55,69,197,42.08,43.22,6.81,126.09,kidneybeans
125,143,53,11.65,86.85,6.9,255.68,kidneybeans
64,35,136,14.02,97.59,4.96,293.69,kidneybeans
66,79,49,21.83,17.35,3.7,128.64,kidneybeans
50,54,10,35.22,53.43,5.35,272.02,kidneybeans
124,41,174,21.49,54.76,6.34,298.56,kidneybeans
112,33,81,29.85,27.04,3.7,291.81,kidneybeans
21,72,73,13.55,61.62,6.97,233.33,kidneybeans
122,91,183,20.82,85.11,8.04,69.61,kidneybeans
84,131,25,42.79,61.96,5.72,182.53,kidneybeans
23,129,145,30.54,56.05,6.07,298.28,kidneybeans
81,108,156,30.34,31.31,6.03,31.05,kidneybeans
100,122,151,12.77,65.0,7.33,118.97,kidneybeans
46,144,153,34.85,61.24,3.87,210.61,kidneybeans
45,16,74,13.36,53.79,9.78,155.35,kidneybeans
95,74,187,21.51,38.58,4.8,233.3,kidneybeans
81,96,183,29.68,64.86,8.66,153.42,kidneybeans
72,76,120,8.11,69.06,5.41,87.31,kidneybeans
62,42,71,24.14,57.9,7.51,279.39,kidneybeans
113,26,97,9.1,89.0,6.87,197.11,kidneybeans
20,39,188,27.03,82.23,9.84,76.18,kidneybeans
25,117,75,8.08,17.8,5.69,197.21,kidneybeans
36,140,137,37.59,83.59,9.16,216.01,kidneybeans
103,27,13,34.03,38.11,7.9,26.86,kidneybeans
74,103,76,12.0,83.51,9.57,40.25,kidneybeans
60,87,127,39.28,72.63,4.22,255.78,kidneybeans
123,106,192,13.23,75.07,7.77,79.11,kidneybeans
33,43,199,36.93,93.91,6.09,273.71,kidneybeans
52,43,69,27.76,32.86,3.72,80.1,kidneybeans
18,61,29,12.43,90.42,6.72,145.82,kidneybeans
9,58,56,30.94,59.26,6.46,85.7,pigeonpeas
52,83,26,28.28,24.32,9.37,221.78,pigeonpeas
11,123,163,18.23,25.51,7.53,35.21,pigeonpeas
48,83,189,8.0,57.96,3.8,97.33,pigeonpeas
37,91,92,38.22,14.33,5.08,227.45,pigeonpeas
138,125,69,12.68,62.59,9.05,180.11,pigeonpeas
81,55,145,23.21,46.45,9.49,209.04,pigeonpeas
59,124,187,8.16,28.36,8.06,206.59,pigeonpeas
23,112,15,42.23,74.42,5.41,49.5,pigeonpeas
139,41,46,11.77,56.88,5.96,262.43,pigeonpeas
98,51,150,30.84,80.29,3.52,260.51,pigeonpeas
12,104,35,33.91,45.92,9.07,224.54,pigeonpeas
99,113,91,29.88,39.4,4.37,202.46,pigeonpeas
17,7,32,43.09,18.49,7.87,151.08,pigeonpeas
64,104,25,18.35,45.63,3.87,51.22,pigeonpeas
137,57,48,11.6,73.17,5.05,275.1,pigeonpeas
1,85,104,42.16,16.7,8.21,112.47,pigeonpeas
11,120,28,34.09,89.48,3.77,131.34,pigeonpeas
64,88,123,35.86,80.47,6.84,293.28,pigeonpeas
26,138,139,8.63,39.22,8.45,165.03,pigeonpeas
56,130,16,8.05,39.78,7.64,292.77,pigeonpeas
110,55,164,40.35,81.36,8.49,148.24,pigeonpeas
58,136,108,10.37,33.63,5.08,155.54,pigeonpeas
78,128,176,10.08,96.37,9.53,239.85,pigeonpeas
95,79,147,28.21,80.82,4.81,223.18,pigeonpeas
105,30,29,36.13,63.73,4.44,247.11,pigeonpeas
103,72,99,32.27,36.35,5.71,276.9,pigeonpeas
56,51,163,33.48,19.35,4.44,22.2,pigeonpeas
51,109,58,22.96,39.96,8.37,119.19,pigeonpeas
121,25,50,10.74,37.62,8.66,148.71,pigeonpeas
45,7,10,24.04,31.99,3.82,256.22,pigeonpeas
74,81,54,38.74,34.81,9.65,75.14,pigeonpeas
98,52,188,33.62,98.38,7.15,92.67,pigeonpeas
88,22,23,14.34,32.4,3.58,23.97,pigeonpeas
107,119,33,40.68,95.16,9.64,166.01,pigeonpeas
7,110,12,35.83,40.66,4.99,148.31,pigeonpeas
80,88,92,35.49,87.55,7.36,253.91,pigeonpeas
35,105,160,16.23,68.56,4.92,110.07,pigeonpeas
65,59,204,37.1,35.83,5.07,132.77,pigeonpeas
107,14,13,13.54,99.15,9.61,158.51,pigeonpeas
88,97,75,21.38,47.75,8.33,277.16,pigeonpeas
112,107,95,17.92,67.5,9.85,128.17,pigeonpeas
90,86,72,38.5,91.59,9.12,292.82,pigeonpeas
86,14,63,15.95,17.35,3.73,69.06,pigeonpeas
97,72,201,33.89,62.45,6.24,111.37,pigeonpeas
114,113,192,23.48,91.72,8.91,132.26,pigeonpeas
131,27,110,40.0,60.83,4.81,91.49,pigeonpeas
111,116,107,9.18,68.7,5.83,102.67,pigeonpeas
128,115,28,37.76,18.1,8.15,236.69,pigeonpeas
23,8,71,26.56,53.84,3.79,101.21,pigeonpeas
108,73,99,12.6,79.84,3.5,136.64,pigeonpeas
53,74,105,34.03,31.25,4.8,22.83,pigeonpeas
2,132,183,9.87,30.44,5.48,224.88,pigeonpeas
86,62,54,40.26,84.35,5.12,96.0,pigeonpeas
125,127,51,37.04,98.7,8.33,130.09,pigeonpeas
15,63,35,35.14,15.78,5.22,164.93,pigeonpeas
138,14,21,29.66,39.5,8.07,232.52,pigeonpeas
101,69,195,26.32,45.76,9.47,251.7,pigeonpeas
103,19,100,11.54,83.1,4.28,55.04,pigeonpeas
125,61,85,9.11,18.46,4.41,79.75,pigeonpeas
83,56,7,12.28,79.77,7.79,141.89,pigeonpeas
64,85,199,25.37,57.57,5.98,273.84,pigeonpeas
112,87,47,38.2,14.98,8.0,291.67,pigeonpeas
131,63,161,37.42,60.99,9.69,34.47,pigeonpeas
26,84,138,12.27,96.69,8.07,286.69,pigeonpeas
79,127,47,39.15,27.53,5.48,101.21,pigeonpeas
119,26,119,26.05,20.1,5.5,281.88,pigeonpeas
113,20,87,30.61,35.29,4.54,72.34,pigeonpeas
11,130,57,19.04,44.35,7.48,113.53,pigeonpeas
56,82,73,10.46,81.4,5.33,141.17,pigeonpeas
18,127,198,15.39,46.8,9.79,239.76,pigeonpeas
134,83,18,36.12,81.53,7.35,297.3,pigeonpeas
23,86,67,23.55,98.31,3.93,165.24,pigeonpeas
16,70,10,27.72,98.19,7.06,73.15,pigeonpeas
70,135,14,26.6,77.65,7.54,173.89,pigeonpeas
21,43,161,41.32,19.88,6.25,214.82,pigeonpeas
83,115,70,17.63,15.3,9.68,90.25,pigeonpeas
9,77,100,29.96,40.91,5.24,187.35,pigeonpeas
64,87,158,24.17,66.65,4.86,282.94,pigeonpeas
122,26,104,33.24,72.49,6.11,24.31,pigeonpeas
67,11,53,27.51,94.81,4.91,223.2,pigeonpeas
45,110,164,32.21,98.02,4.15,22.33,pigeonpeas
53,89,131,37.06,88.07,8.73,163.56,pigeonpeas
91,21,47,30.96,34.81,8.07,45.59,pigeonpeas
112,115,184,8.49,35.36,4.87,95.83,pigeonpeas
33,44,65,23.29,32.52,7.32,186.54,pigeonpeas
93,52,142,39.86,46.96,6.66,99.33,pigeonpeas
130,106,69,17.12,98.94,5.37,235.81,pigeonpeas
72,138,111,27.38,37.12,5.86,270.7,pigeonpeas
136,86,60,36.35,49.38,9.09,198.63,pigeonpeas
113,111,41,36.22,50.07,6.7,239.83,pigeonpeas
3,139,65,24.9,16.43,4.84,98.69,pigeonpeas
2,125,133,41.26,23.62,6.81,240.23,pigeonpeas
91,25,203,33.94,85.08,6.36,245.64,pigeonpeas
128,144,192,23.96,61.59,5.13,227.91,pigeonpeas
121,56,92,36.41,40.47,9.35,286.79,pigeonpeas
35,114,181,26.2,94.94,9.11,48.72,pigeonpeas
136,10,113,26.11,30.67,9.0,209.54,pigeonpeas
75,61,131,29.98,27.79,7.81,70.19,pigeonpeas
45,120,116,12.23,28.21,3.51,221.25,pigeonpeas
133,112,22,18.68,60.56,5.71,135.98,mothbeans
121,142,119,16.01,58.65,7.39,88.7,mothbeans
46,131,151,20.08,78.45,7.16,296.15,mothbeans
136,37,194,39.37,72.39,6.14,231.01,mothbeans
97,133,166,8.8,95.28,7.96,158.8,mothbeans
60,43,132,43.3,58.06,4.23,234.14,mothbeans
6,62,53,42.25,80.78,7.41,260.05,mothbeans
130,33,121,15.99,75.46,9.14,224.77,mothbeans
72,124,60,38.1,84.64,8.9,155.83,mothbeans
117,87,151,38.78,89.9,6.48,41.2,mothbeans
29,61,150,40.46,31.5,3.93,265.66,mothbeans
103,40,83,10.4,69.76,3.97,125.13,mothbeans
44,83,24,43.9,62.08,5.56,81.63,mothbeans
63,44,63,33.44,46.21,5.86,32.69,mothbeans
106,100,95,21.65,85.5,8.89,124.51,mothbeans
123,65,52,10.39,79.92,7.24,238.95,mothbeans
61,43,62,35.31,15.26,4.83,219.71,mothbeans
58,75,96,15.02,90.58,8.3,274.3,mothbeans
130,25,68,35.87,87.32,6.97,232.31,mothbeans
75,17,15,17.75,31.39,5.51,87.62,mothbeans
129,98,142,26.25,30.16,3.99,214.92,mothbeans
139,119,94,24.23,96.43,6.26,173.82,mothbeans
60,133,177,37.73,53.83,5.28,203.32,mothbeans
134,26,78,31.83,84.08,8.48,233.04,mothbeans
69,88,105,34.92,26.95,4.89,149.92,mothbeans
21,74,129,39.65,34.93,7.07,30.91,mothbeans
133,60,114,39.97,41.97,9.27,298.92,mothbeans
1,12,79,37.26,74.79,9.69,251.46,mothbeans
139,47,193,34.93,83.37,8.99,299.34,mothbeans
94,17,117,42.6,90.69,8.93,133.68,mothbeans
47,39,90,8.52,79.73,7.49,233.44,mothbeans
98,7,201,39.12,64.48,7.22,297.39,mothbeans
126,23,175,32.34,25.91,7.2,179.46,mothbeans
86,143,114,21.37,67.19,7.55,151.4,mothbeans
11,54,136,39.0,53.66,9.52,161.12,mothbeans
31,143,193,32.29,72.27,5.89,283.67,mothbeans
20,137,91,32.87,73.95,7.65,97.08,mothbeans
82,69,68,37.17,49.59,4.81,31.86,mothbeans
92,116,165,29.95,74.17,8.86,244.79,mothbeans
130,94,98,39.74,64.27,8.84,199.92,mothbeans
25,79,204,11.42,65.09,8.0,38.63,mothbeans
127,88,120,16.87,73.4,7.32,160.44,mothbeans
87,77,167,15.22,32.6,7.92,188.85,mothbeans
56,12,99,35.93,25.0,5.72,141.91,mothbeans
11,21,68,40.11,40.32,7.03,241.03,mothbeans
70,112,62,16.26,54.34,5.22,48.27,mothbeans
51,19,88,43.03,79.3,9.69,143.13,mothbeans
55,108,143,19.75,39.75,4.99,56.31,mothbeans
38,32,53,20.73,40.01,9.74,67.63,mothbeans
3,86,196,10.75,98.86,5.24,47.6,mothbeans
30,123,15,28.28,83.13,4.38,182.6,mothbeans
127,103,176,17.85,55.95,4.03,148.68,mothbeans
56,110,185,23.07,53.43,8.14,180.8,mothbeans
114,110,19,9.62,24.87,7.1,234.24,mothbeans
39,86,81,34.7,56.36,6.59,254.7,mothbeans
70,52,22,12.44,74.07,6.16,163.88,mothbeans
108,85,138,28.44,63.82,6.63,200.53,mothbeans
131,43,76,21.4,70.9,4.4,179.85,mothbeans
52,135,154,29.74,63.59,7.08,123.93,mothbeans
5,36,103,41.8,90.88,5.66,224.25,mothbeans
92,73,194,43.59,16.17,5.12,165.62,mothbeans
83,131,154,35.06,67.62,7.34,34.98,mothbeans
80,133,147,15.18,39.28,5.02,285.58,mothbeans
22,76,12,41.28,81.58,7.28,21.8,mothbeans
15,123,6,35.38,58.11,8.01,281.85,mothbeans
93,86,17,32.28,79.61,3.79,201.05,mothbeans
115,112,57,9.81,17.0,7.03,142.69,mothbeans
110,5,48,8.9,52.62,5.02,33.89,mothbeans
135,76,159,14.25,46.66,8.63,129.79,mothbeans
138,107,175,31.45,32.13,7.06,259.82,mothbeans
55,138,90,10.38,15.65,8.79,166.93,mothbeans
114,143,92,9.08,96.69,7.77,281.3,mothbeans
16,10,151,14.92,39.43,7.47,187.9,mothbeans
67,47,168,42.68,14.88,8.08,217.75,mothbeans
82,103,108,19.27,87.06,4.07,297.67,mothbeans
96,118,136,15.15,28.18,5.04,218.84,mothbeans
30,123,146,24.16,92.54,4.71,21.41,mothbeans
117,77,30,31.31,37.48,4.63,102.39,mothbeans
26,117,19,24.65,88.39,5.1,220.79,mothbeans
94,88,144,40.73,40.99,7.92,96.06,mothbeans
88,70,162,41.85,65.93,9.02,250.3,mothbeans
115,42,147,42.2,25.79,8.2,197.03,mothbeans
120,126,137,20.78,17.89,4.89,24.25,mothbeans
90,22,153,37.56,62.73,7.7,271.55,mothbeans
137,93,184,8.39,85.08,8.63,49.25,mothbeans
54,41,60,11.32,64.32,4.95,270.8,mothbeans
1,108,192,30.21,88.26,4.93,264.47,mothbeans
122,129,186,23.25,82.25,3.7,238.97,mothbeans
30,56,93,32.91,53.38,4.95,191.91,mothbeans
64,83,26,25.18,44.17,5.82,245.6,mothbeans
16,94,145,11.05,54.14,6.59,255.45,mothbeans
109,18,76,37.1,84.83,5.96,148.55,mothbeans
59,10,201,41.61,72.81,6.9,29.14,mothbeans
4,24,138,13.8,70.45,9.72,177.41,mothbeans
13,17,139,23.04,24.01,7.42,282.78,mothbeans
80,104,167,22.52,85.69,8.71,191.31,mothbeans
70,111,54,11.81,44.52,6.14,209.23,mothbeans
111,72,44,13.65,85.15,3.77,137.37,mothbeans
27,100,198,28.05,33.9,6.72,224.82,mothbeans
44,12,75,41.63,92.81,7.57,196.35,mothbeans
29,118,201,36.11,48.25,6.34,270.21,mungbean
93,138,188,38.41,51.09,5.93,276.22,mungbean
31,110,150,16.98,61.08,5.26,272.44,mungbean
5,116,124,9.41,37.39,3.54,293.94,mungbean
131,85,45,15.59,87.72,8.75,143.36,mungbean
111,15,7,43.91,30.44,6.44,140.68,mungbean
72,27,87,39.94,50.11,6.68,276.74,mungbean
24,116,29,36.7,76.28,7.92,115.35,mungbean
126,29,82,13.75,42.86,3.99,85.8,mungbean
84,139,196,18.08,37.88,3.73,279.54,mungbean
74,20,22,38.89,76.88,9.56,238.85,mungbean
47,46,80,21.11,62.69,3.54,37.33,mungbean
26,83,76,40.55,46.23,7.02,34.16,mungbean
11,47,21,15.98,41.31,5.16,44.53,mungbean
89,40,32,9.82,67.88,5.34,98.33,mungbean
13,75,184,25.73,52.02,5.64,130.48,mungbean
18,110,25,37.0,79.37,4.48,61.79,mungbean
69,67,168,22.68,24.8,4.6,251.66,mungbean
29,49,23,33.1,30.64,7.61,92.75,mungbean
21,115,168,12.4,23.56,7.65,265.03,mungbean
78,13,36,37.68,48.14,4.5,226.63,mungbean
21,72,48,10.92,99.36,4.5,296.76,mungbean
127,89,193,30.96,98.73,8.42,141.62,mungbean
137,134,198,19.89,62.52,8.94,76.43,mungbean
106,92,133,12.65,22.56,7.36,166.61,mungbean
139,99,96,15.02,70.08,8.5,241.61,mungbean
105,28,8,11.7,24.83,9.77,208.67,mungbean
11,31,117,41.98,79.86,3.53,20.38,mungbean
83,32,29,8.66,53.91,9.54,110.67,mungbean
104,122,46,17.04,69.94,4.86,54.16,mungbean
106,31,45,43.89,29.78,7.3,135.18,mungbean
72,80,94,8.49,21.02,5.15,27.8,mungbean
59,70,69,32.22,76.29,6.65,197.36,mungbean
56,82,198,9.82,90.57,7.19,177.9,mungbean
23,142,114,11.24,65.68,5.68,276.84,mungbean
75,40,177,18.56,59.19,7.97,272.07,mungbean
95,22,42,18.65,14.1,5.24,81.01,mungbean
103,144,148,40.5,86.0,4.32,55.36,mungbean
14,48,149,37.93,92.98,7.66,48.96,mungbean
115,91,108,18.38,39.7,9.2,23.82,mungbean
98,21,87,13.34,21.92,8.72,270.43,mungbean
34,137,33,11.06,61.2,5.93,190.0,mungbean
88,76,133,19.34,22.31,4.63,296.45,mungbean
87,58,20,43.84,64.11,8.7,111.54,mungbean
110,133,85,25.61,87.92,7.29,214.5,mungbean
130,112,113,17.24,83.15,6.23,298.51,mungbean
85,56,115,30.22,87.1,4.76,55.15,mungbean
41,94,119,25.23,64.36,6.96,44.09,mungbean
38,16,187,16.41,68.85,8.75,31.64,mungbean
18,138,178,29.55,70.15,4.49,293.57,mungbean
71,56,122,40.17,20.42,9.31,299.04,mungbean
139,106,114,20.14,94.98,6.89,225.07,mungbean
120,17,93,38.0,40.06,9.69,195.87,mungbean
48,11,114,19.06,45.82,7.02,241.2,mungbean
27,115,61,21.6,19.34,5.67,161.66,mungbean
77,39,34,25.97,23.15,4.23,283.49,mungbean
78,114,183,8.01,66.8,7.45,148.08,mungbean
63,91,11,31.36,96.09,4.47,153.68,mungbean
134,129,54,22.45,43.08,4.31,129.69,mungbean
3,136,175,33.14,32.48,3.77,121.82,mungbean
34,12,156,36.91,60.46,4.01,178.44,mungbean
77,125,150,14.2,89.57,7.07,263.58,mungbean
30,8,169,10.9,94.8,8.33,184.25,mungbean
131,34,162,19.34,82.06,9.36,120.74,mungbean
89,5,131,39.5,97.5,4.63,222.18,mungbean
85,23,105,23.22,99.62,3.57,270.62,mungbean
11,122,98,8.79,98.5,4.05,248.03,mungbean
116,19,6,31.18,46.76,3.85,187.85,mungbean
107,99,126,23.88,31.15,5.19,160.99,mungbean
21,131,138,24.78,52.3,3.59,89.27,mungbean
94,123,181,28.58,29.9,3.88,189.22,mungbean
41,57,191,16.16,71.32,4.01,143.71,mungbean
110,135,87,34.72,35.0,7.33,127.83,mungbean
37,81,97,25.4,46.92,8.87,60.69,mungbean
131,89,199,10.56,63.35,7.12,265.85,mungbean
59,82,81,12.09,92.91,8.48,250.25,mungbean
21,117,176,9.64,95.35,8.89,103.05,mungbean
49,16,93,12.57,24.6,6.82,88.84,mungbean
120,27,175,32.87,76.68,3.8,279.85,mungbean
42,82,32,10.76,14.36,7.79,199.71,mungbean
110,141,72,14.37,22.46,9.62,187.82,mungbean
23,98,177,16.53,22.34,4.65,243.3,mungbean
65,49,118,19.95,81.22,6.3,195.77,mungbean
34,57,30,39.48,85.43,4.94,131.81,mungbean
50,123,155,8.6,30.75,8.69,96.34,mungbean
32,32,127,10.45,29.59,9.63,269.24,mungbean
126,84,42,22.5,58.69,9.88,57.86,mungbean
45,76,187,42.17,89.65,9.31,297.63,mungbean
64,138,155,18.9,76.86,7.98,184.93,mungbean
76,91,153,24.98,61.6,7.15,78.83,mungbean
114,51,172,17.16,54.68,3.78,215.82,mungbean
90,141,113,22.85,30.83,6.78,56.54,mungbean
86,105,121,10.19,73.69,4.67,109.33,mungbean
40,138,79,18.28,77.18,3.65,183.75,mungbean
2,121,103,10.19,16.66,8.07,121.26,mungbean
87,39,194,31.12,37.7,6.66,54.07,mungbean
88,29,20,18.65,35.99,5.6,66.09,mungbean
79,108,187,21.85,51.5,7.3,185.1,mungbean
69,100,109,10.94,21.55,4.6,165.06,mungbean
17,92,129,37.23,15.19,7.66,207.29,mungbean
136,136,20,19.98,61.94,8.02,205.52,blackgram
78,115,6,37.38,15.63,8.21,78.35,blackgram
104,12,71,9.77,33.87,9.24,91.73,blackgram
98,46,145,15.54,49.8,5.78,275.28,blackgram
72,56,203,19.25,49.32,4.84,293.44,blackgram
84,93,35,42.76,47.85,4.34,208.08,blackgram
12,126,107,30.75,76.45,5.85,61.22,blackgram
74,122,88,34.83,33.97,6.09,95.37,blackgram
110,66,148,37.23,84.97,8.59,110.64,blackgram
34,18,181,31.68,69.17,3.66,240.63,blackgram
110,76,84,37.12,89.29,5.44,260.44,blackgram
9,38,40,13.28,73.37,9.55,211.11,blackgram
80,79,30,16.77,40.32,3.91,69.6,blackgram
77,94,180,19.84,70.96,8.31,247.34,blackgram
19,116,63,36.92,98.84,7.33,42.95,blackgram
34,127,135,14.08,18.61,8.09,153.13,blackgram
86,45,127,38.11,61.21,4.71,221.71,blackgram
126,137,52,37.86,75.01,4.17,254.88,blackgram
111,65,163,13.11,40.16,4.39,191.36,blackgram
78,83,74,20.59,88.17,4.99,214.65,blackgram
46,109,102,35.92,47.81,4.39,23.0,blackgram
12,5,38,21.29,44.72,5.7,165.75,blackgram
37,18,140,22.28,54.76,6.39,263.37,blackgram
93,97,88,23.2,81.52,4.75,249.67,blackgram
121,132,117,12.95,37.81,3.79,280.63,blackgram
93,138,85,43.85,51.43,9.39,116.6,blackgram
104,70,13,27.94,58.12,5.3,250.22,blackgram
109,101,22,34.02,33.94,8.02,106.16,blackgram
124,86,31,21.49,67.43,8.1,50.97,blackgram
69,66,38,9.94,30.33,3.75,129.71,blackgram
17,117,175,32.32,57.76,9.01,262.49,blackgram
29,102,62,9.36,83.49,5.55,177.48,blackgram
69,72,53,38.87,22.37,8.02,116.76,blackgram
75,46,183,12.39,15.57,9.29,39.22,blackgram
71,69,186,16.68,34.09,3.94,72.39,blackgram
62,64,103,21.08,51.72,9.76,246.2,blackgram
41,102,197,42.32,19.18,5.4,103.46,blackgram
109,26,199,30.86,24.65,3.95,274.64,blackgram
124,133,56,39.13,24.2,4.6,153.43,blackgram
20,20,127,38.74,15.14,6.78,235.44,blackgram
73,21,125,36.91,98.35,7.38,161.04,blackgram
45,82,20,13.76,73.45,4.57,106.89,blackgram
139,74,154,34.62,69.52,4.5,173.17,blackgram
133,49,101,9.43,37.56,9.62,287.02,blackgram
25,101,40,14.45,47.73,9.57,59.54,blackgram
54,126,101,26.29,67.34,6.56,153.88,blackgram
34,83,71,14.91,26.56,9.5,276.94,blackgram
2,62,36,33.08,93.47,8.75,177.32,blackgram
5,107,14,13.35,65.3,8.71,126.99,blackgram
96,78,119,16.55,39.79,7.61,188.26,blackgram
40,36,19,35.34,75.29,4.74,151.97,blackgram
129,131,40,26.62,49.53,4.78,135.46,blackgram
73,29,105,20.97,21.49,4.79,172.74,blackgram
109,124,101,11.23,92.33,3.54,155.48,blackgram
61,141,72,41.34,27.91,9.68,77.62,blackgram
84,78,113,39.56,76.68,5.43,187.82,blackgram
16,77,18,35.35,43.14,9.59,226.62,blackgram
119,51,111,9.96,41.01,6.69,80.64,blackgram
18,94,184,25.55,73.46,5.18,194.79,blackgram
130,46,23,28.48,79.55,8.7,115.72,blackgram
106,53,59,37.99,98.78,8.56,188.39,blackgram
45,50,104,36.98,86.67,6.03,34.35,blackgram
9,122,148,24.21,78.41,5.78,197.73,blackgram
79,75,82,27.65,31.55,5.37,229.61,blackgram
44,67,199,42.82,75.5,9.63,139.59,blackgram
29,53,144,42.64,60.06,7.46,210.59,blackgram
25,52,172,9.41,98.05,5.05,205.73,blackgram
47,128,134,13.51,76.62,7.34,224.75,blackgram
65,104,82,28.65,43.38,7.65,39.16,blackgram
99,26,22,19.8,84.15,7.32,130.22,blackgram
70,52,23,20.24,88.79,4.06,237.5,blackgram
68,15,147,23.49,28.23,8.02,169.9,blackgram
14,135,97,18.31,58.55,8.29,254.23,blackgram
71,110,129,23.67,95.97,8.1,280.45,blackgram
107,123,38,9.9,76.44,4.28,104.78,blackgram
114,5,16,10.06,29.01,8.03,219.3,blackgram
120,136,86,34.19,93.34,8.38,185.68,blackgram
135,129,55,25.54,16.13,5.09,134.21,blackgram
138,128,57,34.21,83.93,5.15,236.84,blackgram
105,18,186,35.0,83.24,4.38,39.52,blackgram
19,91,139,18.36,76.32,8.85,261.5,blackgram
85,48,78,41.14,15.03,7.04,227.39,blackgram
50,14,124,43.01,58.55,7.43,86.25,blackgram
32,22,188,35.01,53.29,8.91,51.99,blackgram
73,114,184,21.61,98.38,6.48,241.74,blackgram
56,130,91,12.25,17.88,6.3,256.32,blackgram
17,88,39,38.99,43.77,7.68,118.06,blackgram
71,129,34,21.2,22.56,8.41,290.56,blackgram
12,44,93,18.27,68.25,6.42,154.96,blackgram
22,58,69,11.44,50.05,4.23,68.14,blackgram
111,9,158,27.67,35.48,5.7,258.57,blackgram
122,80,134,8.58,96.88,5.91,188.9,blackgram
1,131,139,41.57,63.51,4.31,182.88,blackgram
72,36,19,39.67,69.79,9.26,194.58,blackgram
109,110,131,32.11,48.6,5.41,195.13,blackgram
84,69,136,16.13,67.03,3.76,111.33,blackgram
122,72,108,28.35,15.81,3.72,144.83,blackgram
100,101,13,27.38,92.54,5.98,252.28,blackgram
109,81,107,41.89,72.19,5.83,282.69,blackgram
67,37,75,33.23,79.82,9.45,77.34,blackgram
120,9,87,16.72,31.5,9.61,277.19,lentil
79,40,29,22.59,34.56,7.52,199.31,lentil
52,67,125,19.74,79.03,6.02,190.3,lentil
27,84,80,16.29,38.87,5.86,205.85,lentil
16,116,95,39.16,63.64,7.81,24.66,lentil
37,136,181,18.16,64.34,5.14,281.51,lentil
125,115,172,19.19,58.25,8.98,150.73,lentil
79,115,147,23.97,94.74,5.39,153.13,lentil
112,90,118,39.07,55.33,3.94,173.92,lentil
55,99,48,15.34,85.08,7.07,35.29,lentil
15,41,81,31.43,66.9,4.62,163.69,lentil
51,23,113,15.25,14.82,3.98,125.24,lentil
68,59,14,24.44,42.31,3.84,146.07,lentil
9,106,192,33.4,58.85,4.3,289.2,lentil
77,89,34,9.42,15.88,8.46,57.64,lentil
51,44,170,24.45,38.96,7.1,51.34,lentil
96,47,181,43.52,35.58,6.76,274.48,lentil
70,25,96,41.37,96.74,6.76,146.79,lentil
24,9,124,25.0,41.89,9.59,250.62,lentil
96,135,174,28.83,21.1,4.49,143.08,lentil
54,113,102,18.92,97.12,9.55,113.77,lentil
86,85,70,41.76,72.45,7.15,190.85,lentil
58,24,77,8.51,36.16,6.38,214.01,lentil
16,73,171,39.22,96.2,5.01,267.13,lentil
131,33,200,27.58,73.77,6.8,297.28,lentil
11,21,34,35.8,28.66,5.96,117.15,lentil
8,19,160,25.43,82.29,7.19,115.78,lentil
75,69,181,35.02,34.3,4.42,71.91,lentil
102,128,90,24.04,97.16,7.16,261.76,lentil
81,76,58,41.33,70.76,5.99,56.8,lentil
136,39,86,16.91,43.93,9.23,290.65,lentil
22,52,152,16.29,23.15,8.76,58.91,lentil
134,99,144,42.15,75.16,3.54,233.88,lentil
102,78,112,43.4,34.78,7.86,220.48,lentil
118,49,62,18.02,48.01,7.9,248.14,lentil
100,7,90,42.32,20.25,4.77,117.39,lentil
6,17,124,39.6,21.7,8.08,95.92,lentil
68,141,25,22.07,97.98,9.61,244.04,lentil
100,58,39,17.6,57.51,8.48,260.33,lentil
77,10,21,14.58,33.99,7.57,298.02,lentil
76,70,56,14.34,88.5,6.34,58.37,lentil
66,144,73,32.95,98.91,4.94,205.45,lentil
11,17,124,24.49,48.12,6.26,179.4,lentil
34,7,124,20.02,63.82,9.19,179.41,lentil
105,120,166,24.01,16.33,6.38,103.0,lentil
69,45,195,26.15,41.76,5.15,149.92,lentil
38,49,143,13.89,40.15,7.48,104.5,lentil
83,93,83,31.18,85.75,7.2,200.99,lentil
21,118,137,9.24,68.95,4.02,141.8,lentil
63,142,83,12.8,73.48,8.59,65.74,lentil
53,106,167,25.59,59.08,7.77,94.8,lentil
68,123,96,39.25,85.22,7.51,41.08,lentil
57,132,11,12.88,36.36,5.96,284.04,lentil
52,52,99,28.6,94.18,8.99,67.77,lentil
38,8,130,17.49,38.01,9.46,26.9,lentil
20,43,106,43.12,19.61,8.76,200.97,lentil
98,39,163,17.18,80.04,8.31,184.74,lentil
50,134,130,33.25,53.5,3.85,139.53,lentil
9,118,80,22.33,94.11,5.66,275.89,lentil
130,137,193,34.98,74.16,5.46,35.99,lentil
4,19,127,11.69,15.02,4.39,220.41,lentil
12,124,59,25.78,88.76,8.22,160.29,lentil
61,106,178,41.76,44.27,6.36,208.06,lentil
20,119,195,8.9,75.98,6.79,189.61,lentil
92,13,19,32.62,78.77,8.16,263.49,lentil
108,122,41,10.05,64.55,8.88,24.9,lentil
13,121,77,18.23,99.55,9.69,143.41,lentil
48,76,137,40.15,73.29,5.32,214.28,lentil
65,29,77,38.91,96.8,7.52,71.55,lentil
124,71,10,28.84,67.17,8.5,216.92,lentil
86,6,154,34.91,87.17,5.33,199.33,lentil
128,121,120,42.34,32.05,8.55,236.88,lentil
44,81,197,8.53,93.22,9.75,82.24,lentil
15,63,186,40.22,63.36,5.74,253.15,lentil
114,72,47,41.41,28.23,3.51,295.5,lentil
40,63,43,40.95,36.85,9.23,48.97,lentil
78,6,131,14.07,97.28,6.4,284.8,lentil
27,81,5,24.89,20.11,8.74,113.99,lentil
79,62,87,36.64,26.16,4.33,200.16,lentil
115,105,185,27.62,21.46,5.02,66.18,lentil
21,70,25,15.86,18.7,3.61,48.78,lentil
89,89,21,40.08,62.98,8.83,297.65,lentil
100,6,180,32.27,98.28,9.81,212.27,lentil
1,45,127,40.77,46.92,7.54,140.44,lentil
11,103,137,35.44,94.51,9.52,68.94,lentil
44,110,141,30.47,54.77,9.1,96.0,lentil
28,129,118,33.96,36.12,8.1,27.87,lentil
92,8,86,24.48,22.22,9.25,281.92,lentil
130,118,66,14.26,17.97,7.21,275.53,lentil
19,62,116,43.98,32.18,5.2,205.6,lentil
91,56,41,11.02,80.22,7.53,296.78,lentil
44,141,36,34.44,58.87,4.86,238.88,lentil
29,141,158,22.38,50.03,6.79,218.51,lentil
43,59,141,8.67,26.35,7.71,223.69,lentil
46,134,100,25.88,86.49,6.35,218.4,lentil
55,131,166,30.94,20.08,5.81,169.74,lentil
2,30,61,37.38,51.16,8.6,186.72,lentil
41,15,107,40.77,27.28,7.51,28.06,lentil
43,26,185,16.51,32.19,8.21,109.6,lentil
7,102,61,42.53,30.54,8.09,206.02,lentil
74,132,76,32.83,95.31,7.55,141.88,pomegranate
82,132,182,8.27,50.35,8.1,143.95,pomegranate
96,115,20,37.27,64.61,4.85,86.28,pomegranate
116,30,137,17.3,88.56,7.78,145.46,pomegranate
17,121,34,40.82,74.38,6.75,143.62,pomegranate
129,117,138,36.83,52.8,8.1,184.15,pomegranate
71,78,21,24.7,35.14,9.35,113.91,pomegranate
5,30,171,41.66,68.79,9.25,147.82,pomegranate
103,93,145,24.51,29.62,5.44,34.22,pomegranate
51,134,157,41.36,75.1,6.18,164.84,pomegranate
119,74,180,30.72,75.48,6.25,105.8,pomegranate
132,71,143,18.42,55.25,9.73,21.36,pomegranate
28,16,81,26.33,16.12,6.1,81.8,pomegranate
99,143,62,15.63,34.55,5.3,135.12,pomegranate
41,47,78,11.73,74.41,5.42,95.28,pomegranate
65,35,119,22.69,98.3,7.66,227.77,pomegranate
47,69,185,30.41,40.57,5.86,235.52,pomegranate
64,31,110,13.01,58.74,3.74,42.59,pomegranate
16,131,127,11.15,94.54,8.78,241.57,pomegranate
45,73,141,41.87,29.73,7.13,125.56,pomegranate
93,119,192,9.61,26.3,3.59,178.72,pomegranate
1,107,105,37.62,15.14,6.97,148.68,pomegranate
60,42,152,32.64,57.28,8.4,155.88,pomegranate
66,5,55,38.96,32.32,7.39,43.46,pomegranate
34,80,98,10.62,67.91,5.12,245.03,pomegranate
130,128,57,41.64,31.76,8.2,262.61,pomegranate
15,120,80,18.69,14.05,9.66,276.91,pomegranate
111,51,176,12.64,75.92,4.15,194.48,pomegranate
14,40,67,17.87,41.52,8.38,244.63,pomegranate
6,8,94,9.6,38.87,6.39,52.76,pomegranate
28,18,83,26.22,84.06,9.49,163.79,pomegranate
92,24,162,38.54,56.4,6.52,157.29,pomegranate
32,22,77,20.0,56.31,7.17,86.73,pomegranate
119,105,38,20.03,23.19,5.03,285.8,pomegranate
90,131,117,9.27,41.79,6.98,174.48,pomegranate
11,39,25,42.76,46.45,5.15,88.17,pomegranate
26,70,141,33.53,15.82,6.18,237.24,pomegranate
54,5,105,15.38,77.81,3.83,258.71,pomegranate
45,126,35,19.49,91.91,4.31,69.99,pomegranate
23,113,195,43.15,46.36,9.41,172.55,pomegranate
36,30,141,31.72,99.06,5.2,208.18,pomegranate
52,96,103,21.8,86.0,9.04,188.8,pomegranate
86,144,19,18.25,46.33,8.34,171.11,pomegranate
107,134,88,11.68,49.3,9.47,198.47,pomegranate
89,119,79,24.97,98.37,8.24,53.04,pomegranate
17,54,146,25.55,67.76,9.56,182.34,pomegranate
66,82,188,14.74,16.79,8.26,222.53,pomegranate
47,90,153,13.57,39.9,5.09,124.25,pomegranate
3,82,204,22.67,98.84,3.86,59.81,pomegranate
96,85,47,13.74,90.16,3.56,267.07,pomegranate
11,70,6,34.03,57.67,6.69,50.84,pomegranate
69,119,92,12.88,26.52,7.96,199.99,pomegranate
33,51,28,16.76,86.43,4.84,40.31,pomegranate
123,143,167,35.62,93.69,6.6,108.35,pomegranate
23,140,110,40.0,73.56,5.06,280.86,pomegranate
48,102,34,26.73,62.65,3.6,238.56,pomegranate
6,131,172,14.85,45.54,4.18,195.9,pomegranate
131,112,116,26.11,56.42,3.53,160.33,pomegranate
110,87,128,31.43,88.55,9.22,277.54,pomegranate
109,38,110,34.25,57.02,6.16,67.38,pomegranate
24,120,82,11.1,53.89,4.61,114.49,pomegranate
103,78,195,21.99,17.2,9.37,208.47,pomegranate
137,87,34,26.71,30.39,6.46,272.85,pomegranate
53,10,111,20.27,91.36,9.52,207.84,pomegranate
110,6,97,27.78,64.81,7.68,91.59,pomegranate
96,115,10,15.02,85.11,7.1,233.41,pomegranate
32,44,36,39.24,51.16,9.69,146.62,pomegranate
119,91,167,42.72,75.74,9.85,215.53,pomegranate
66,50,26,36.19,52.07,6.61,237.81,pomegranate
37,140,58,26.14,15.16,5.82,188.31,pomegranate
126,21,165,26.87,71.68,5.22,97.71,pomegranate
112,89,201,9.05,67.16,6.76,172.81,pomegranate
56,50,140,14.96,95.76,6.12,150.67,pomegranate
10,122,168,26.31,34.91,8.27,67.11,pomegranate
55,122,136,40.41,71.17,4.17,208.17,pomegranate
101,91,200,37.71,88.67,6.15,215.4,pomegranate
57,97,196,8.26,58.57,3.74,179.38,pomegranate
105,66,94,27.46,53.41,9.55,208.61,pomegranate
35,93,156,40.62,60.58,7.53,91.94,pomegranate
32,24,174,31.9,43.1,9.49,275.42,pomegranate
90,81,89,28.93,95.51,3.84,49.75,pomegranate
42,93,119,16.88,53.53,7.52,176.03,pomegranate
108,41,123,28.34,21.58,6.15,230.05,pomegranate
80,46,116,28.21,87.02,6.34,277.25,pomegranate
124,117,68,39.77,31.5,9.09,36.73,pomegranate
18,124,140,19.33,58.04,9.52,33.38,pomegranate
43,80,149,12.52,40.75,9.17,236.98,pomegranate
102,10,126,39.95,25.81,5.65,184.29,pomegranate
61,140,93,17.66,64.81,8.12,283.56,pomegranate
120,80,96,30.24,71.26,5.92,287.24,pomegranate
45,26,196,17.09,70.49,4.77,60.32,pomegranate
74,122,108,23.52,38.78,7.37,33.89,pomegranate
121,117,66,25.97,65.65,3.9,221.94,pomegranate
112,48,132,32.7,95.6,5.22,247.21,pomegranate
44,112,191,17.41,95.41,8.15,81.51,pomegranate
10,106,74,42.88,75.4,9.42,164.8,pomegranate
103,44,23,30.68,44.94,6.1,291.72,pomegranate
15,43,181,17.97,19.66,8.02,86.7,pomegranate
48,25,41,40.09,49.37,4.43,166.81,pomegranate
92,98,75,10.88,54.8,3.56,43.73,pomegranate
22,87,171,15.44,89.17,3.69,45.45,banana
127,35,134,15.54,60.19,8.22,195.65,banana
28,20,171,10.4,99.88,3.66,253.87,banana
101,140,81,38.9,34.0,4.24,111.31,banana
25,75,107,39.25,56.97,3.89,220.08,banana
67,74,117,28.12,42.93,6.82,294.19,banana
126,119,10,13.2,52.02,5.64,166.11,banana
83,56,199,35.4,75.32,5.84,34.82,banana
92,57,149,19.65,29.81,7.19,63.36,banana
5,122,93,34.91,61.28,6.4,67.44,banana
80,50,148,37.72,19.16,5.91,279.16,banana
130,23,101,40.85,89.15,6.71,142.54,banana
112,95,145,9.77,30.43,8.56,147.11,banana
66,119,67,25.38,47.57,9.32,28.15,banana
39,89,61,42.0,32.26,6.83,152.92,banana
73,111,128,27.33,94.55,5.47,263.47,banana
36,138,69,11.67,76.65,4.78,123.96,banana
89,55,180,26.88,70.06,8.49,234.81,banana
45,40,190,37.08,73.59,7.06,215.87,banana
138,40,56,27.78,93.96,9.57,39.41,banana
127,35,59,17.21,49.01,7.84,83.49,banana
42,71,60,17.64,49.31,9.25,270.95,banana
46,61,54,23.51,31.03,6.3,134.45,banana
1,108,88,23.05,35.6,5.55,57.79,banana
138,69,38,20.92,83.52,5.98,242.87,banana
87,72,131,41.58,47.93,8.57,98.16,banana
23,18,40,16.87,19.44,4.34,260.45,banana
23,30,198,26.99,70.37,4.99,262.03,banana
42,33,169,27.06,48.48,5.4,210.88,banana
130,142,191,36.91,49.71,5.31,99.49,banana
25,119,133,20.8,83.56,5.39,179.94,banana
51,95,141,22.63,87.21,8.61,94.81,banana
99,128,172,20.21,56.85,6.31,81.12,banana
105,47,171,22.94,21.68,6.3,84.61,banana
15,133,119,10.72,85.17,6.24,186.9,banana
61,76,193,27.79,87.77,6.53,21.15,banana
106,136,41,28.27,95.16,3.52,86.67,banana
32,62,32,31.01,87.4,8.22,267.02,banana
136,115,19,43.99,76.34,4.23,165.13,banana
70,60,155,42.66,29.1,4.64,276.25,banana
8,64,129,18.1,27.74,4.55,99.85,banana
61,97,190,43.1,33.98,9.14,111.91,banana
47,89,32,37.04,18.29,7.36,245.9,banana
100,33,131,43.61,18.71,5.77,154.93,banana
64,19,136,17.88,48.4,8.48,283.54,banana
109,37,102,22.77,42.63,4.3,49.83,banana
132,84,19,18.28,96.7,5.5,47.45,banana
112,102,145,28.87,68.0,5.84,169.92,banana
63,35,85,34.62,50.66,5.64,108.61,banana
29,24,52,25.18,25.26,5.01,281.1,banana
24,135,13,37.14,82.81,9.47,235.66,banana
21,74,134,10.16,58.51,4.3,289.41,banana
71,54,145,21.95,41.79,9.49,121.73,banana
122,143,121,18.4,64.36,7.28,221.38,banana
97,114,119,38.15,40.65,6.75,132.35,banana
89,115,116,21.9,73.32,7.36,50.03,banana
74,108,79,30.82,20.18,9.32,288.17,banana
25,27,51,22.14,29.45,7.2,288.23,banana
30,89,164,20.25,87.61,6.28,74.0,banana
95,126,160,9.07,14.84,3.98,169.98,banana
125,142,179,41.54,31.79,5.79,61.83,banana
74,33,22,38.06,79.01,6.59,51.26,banana
103,132,162,25.34,72.53,9.0,196.08,banana
2,90,149,36.84,46.44,9.28,39.51,banana
138,24,39,31.34,46.65,8.33,208.25,banana
101,51,98,41.64,18.17,4.85,178.45,banana
67,143,129,22.51,69.83,7.97,198.68,banana
101,110,81,26.42,27.67,3.84,144.79,banana
76,32,70,25.93,40.66,8.7,262.8,banana
124,116,88,10.61,38.97,9.15,61.16,banana
46,116,148,35.1,54.74,6.36,21.99,banana
11,88,20,31.09,49.57,5.37,125.03,banana
48,55,37,42.88,94.24,9.07,138.11,banana
22,98,49,31.78,54.49,4.77,188.47,banana
74,56,186,12.77,71.82,6.76,221.91,banana
24,50,77,38.33,40.08,6.25,151.8,banana
15,120,65,16.67,34.64,4.03,279.98,banana
104,86,71,33.41,84.59,5.01,205.18,banana
112,137,75,32.84,47.3,5.72,254.05,banana
118,80,162,15.5,35.54,8.66,98.31,banana
129,27,27,8.76,17.13,9.28,40.53,banana
63,56,42,34.64,40.64,9.0,216.13,banana
54,113,175,34.38,67.05,3.52,22.64,banana
104,14,104,29.09,64.46,6.35,254.11,banana
93,67,88,17.58,64.81,6.74,25.04,banana
49,93,103,34.26,15.75,4.81,156.38,banana
71,73,137,18.9,54.23,5.25,149.79,banana
32,134,18,28.01,48.74,6.44,24.25,banana
13,115,187,20.16,47.38,5.05,278.86,banana
71,27,72,43.03,33.04,8.66,36.32,banana
62,117,94,34.58,42.86,8.4,141.17,banana
123,92,15,30.27,40.65,4.05,45.46,banana
51,132,32,24.28,17.71,5.48,109.63,banana
37,74,108,19.58,99.85,9.88,73.54,banana
78,35,139,9.01,35.05,9.14,136.46,banana
36,123,71,22.69,30.45,6.81,274.26,banana
67,141,110,33.24,23.74,8.45,157.72,banana
15,26,61,19.68,95.28,5.31,149.04,banana
69,34,107,35.5,14.44,9.37,75.29,banana
30,75,141,12.55,95.34,4.35,236.91,banana
33,125,167,30.54,90.64,6.74,41.6,mango
31,87,160,42.65,90.56,5.23,250.37,mango
106,130,19,34.31,38.74,8.22,39.63,mango
91,129,183,33.6,18.47,9.0,148.31,mango
91,92,17,37.44,43.78,8.67,119.79,mango
23,30,177,43.7,80.26,4.85,160.4,mango
16,72,48,12.85,41.07,6.61,153.84,mango
66,115,6,21.68,57.17,7.37,176.77,mango
88,5,193,37.15,90.25,5.18,82.88,mango
14,12,42,42.1,45.74,4.37,165.15,mango
77,87,34,25.66,51.72,8.37,137.69,mango
22,52,113,26.33,26.68,7.41,178.41,mango
56,21,75,40.84,95.36,5.07,56.84,mango
108,94,90,17.19,87.83,7.0,179.45,mango
17,47,165,23.93,17.96,6.98,114.8,mango
59,135,122,39.28,70.92,6.28,249.44,mango
63,104,118,33.03,84.99,3.86,154.43,mango
25,69,124,19.61,51.86,8.83,280.23,mango
138,78,191,27.88,18.34,3.78,221.7,mango
8,143,74,37.41,49.16,5.59,228.56,mango
36,95,118,24.13,52.32,9.23,55.32,mango
31,68,203,9.07,20.17,7.72,140.84,mango
0,69,37,28.53,18.61,4.4,194.31,mango
126,45,162,38.84,93.78,9.58,175.35,mango
11,73,138,11.82,56.38,4.53,293.91,mango
48,64,161,42.78,82.94,7.53,102.02,mango
60,21,53,9.46,92.58,8.83,103.32,mango
36,50,174,26.96,40.08,5.82,38.59,mango
124,122,84,31.58,52.08,9.57,88.88,mango
125,93,65,15.48,83.95,8.25,205.25,mango
30,16,50,28.74,61.62,4.71,35.75,mango
60,50,89,16.43,18.28,5.22,203.19,mango
111,40,186,32.98,56.08,6.78,94.98,mango
104,121,47,35.98,61.87,7.63,23.78,mango
79,84,158,10.74,72.38,4.63,220.68,mango
118,62,67,33.36,53.03,6.96,257.89,mango
84,141,193,11.81,73.69,6.82,103.46,mango
125,61,85,10.83,59.35,6.08,184.87,mango
136,58,108,36.01,86.36,7.21,193.3,mango
30,37,84,8.87,43.98,8.12,42.43,mango
125,51,185,10.22,27.97,9.23,212.09,mango
48,77,54,30.54,26.95,6.5,161.24,mango
58,7,62,19.98,20.12,4.07,141.46,mango
44,5,25,18.97,73.16,9.03,103.68,mango
112,48,164,33.71,30.88,7.92,129.31,mango
115,55,185,21.24,22.65,5.48,205.85,mango
22,22,133,24.56,30.64,4.85,26.45,mango
130,71,41,38.99,14.47,3.73,275.31,mango
89,136,18,35.13,96.18,8.44,255.86,mango
20,30,45,24.51,72.22,6.68,46.32,mango
59,65,151,43.87,86.72,7.41,31.23,mango
43,101,81,39.27,85.76,8.83,215.49,mango
28,73,202,19.1,15.72,7.23,215.67,mango
51,142,78,27.59,14.69,4.11,35.18,mango
86,113,145,32.43,50.2,9.65,187.8,mango
70,34,192,39.0,20.74,3.96,258.09,mango
124,136,166,42.97,37.76,8.57,83.07,mango
128,8,43,19.77,66.18,9.45,254.34,mango
126,91,86,37.54,38.53,5.03,240.35,mango
130,119,141,31.68,96.48,9.46,241.03,mango
129,116,131,21.83,85.89,4.45,147.72,mango
84,132,76,22.57,47.86,4.73,37.14,mango
19,74,21,36.06,35.72,8.81,217.1,mango
50,86,158,26.02,87.58,6.9,91.47,mango
120,8,90,28.65,84.65,3.68,196.64,mango
70,37,35,26.01,90.89,9.39,35.44,mango
85,23,120,27.52,26.74,8.28,22.34,mango
67,96,129,25.57,68.22,8.2,123.91,mango
21,13,13,12.33,59.97,7.82,136.89,mango
124,127,37,10.67,30.51,8.88,222.98,mango
17,86,69,43.65,32.01,3.58,299.28,mango
68,86,182,28.89,91.75,5.55,207.67,mango
15,84,42,37.01,65.82,5.39,268.7,mango
37,56,33,19.54,78.02,9.72,142.65,mango
71,9,16,13.66,73.39,6.79,202.17,mango
136,33,43,28.77,17.52,6.87,268.18,mango
66,27,98,11.76,25.07,7.06,270.31,mango
76,20,45,23.78,36.59,4.55,212.96,mango
117,104,53,19.51,64.9,3.96,61.29,mango
85,81,140,35.09,78.78,8.08,207.43,mango
124,45,127,38.6,76.45,8.89,103.72,mango
29,77,10,17.99,69.28,7.93,263.87,mango
76,81,36,28.21,89.92,6.88,164.94,mango
9,101,161,18.5,36.95,9.45,68.28,mango
14,97,34,35.65,78.26,5.49,105.75,mango
73,125,151,39.77,64.09,4.31,149.34,mango
108,94,168,17.53,75.17,4.14,29.39,mango
86,18,108,9.77,16.67,7.05,233.37,mango
94,13,57,19.76,51.6,5.29,182.92,mango
94,27,31,33.03,26.22,7.59,35.31,mango
123,23,5,8.19,78.35,9.28,59.12,mango
47,79,187,24.66,83.36,4.65,288.69,mango
136,94,134,11.15,68.51,9.35,78.42,mango
27,76,18,13.85,71.98,4.35,245.64,mango
31,29,120,34.7,40.03,7.74,64.32,mango
136,42,165,28.34,71.59,9.65,188.75,mango
81,120,84,30.1,21.54,6.01,219.73,mango
56,21,182,18.17,46.51,4.16,221.33,mango
61,33,26,16.96,41.9,5.64,27.21,mango
100,75,178,40.3,58.57,6.42,28.63,mango
24,64,179,42.01,56.07,5.69,278.78,grapes
20,5,127,27.76,32.86,6.24,202.63,grapes
51,32,74,38.81,72.56,4.69,95.42,grapes
23,81,179,12.15,23.2,8.1,259.28,grapes
43,103,158,16.03,18.86,4.16,140.82,grapes
55,35,105,29.12,67.7,7.68,39.7,grapes
17,75,110,28.04,87.51,9.45,71.58,grapes
43,125,72,11.42,31.24,6.15,77.74,grapes
0,135,90,32.91,46.94,9.06,179.13,grapes
12,47,134,32.49,86.45,4.96,262.6,grapes
134,49,168,12.26,69.54,5.1,254.23,grapes
111,81,109,39.75,49.21,5.36,24.06,grapes
133,36,112,14.97,43.74,5.79,22.37,grapes
7,68,139,41.85,90.72,6.93,172.21,grapes
113,116,184,16.07,47.42,6.16,229.07,grapes
16,96,35,25.79,76.94,5.96,284.59,grapes
100,116,66,13.42,57.31,8.63,143.63,grapes
34,32,107,33.42,56.18,5.15,267.78,grapes
96,55,87,17.69,83.07,3.78,297.79,grapes
87,84,157,37.2,21.53,8.66,207.37,grapes
138,19,5,32.47,66.38,8.42,145.1,grapes
92,106,75,33.63,29.35,4.01,283.31,grapes
35,71,133,11.81,68.05,4.11,46.59,grapes
99,113,124,9.34,52.28,4.22,118.39,grapes
23,14,186,40.45,28.1,5.94,59.44,grapes
54,6,168,14.17,20.79,7.94,239.72,grapes
101,99,96,43.99,34.99,8.39,184.21,grapes
23,72,132,29.54,16.66,5.26,29.18,grapes
36,119,185,13.82,91.9,6.8,63.05,grapes
120,77,45,34.34,74.99,4.78,79.08,grapes
90,12,36,23.79,81.25,8.52,146.91,grapes
7,33,99,31.57,33.64,5.25,108.16,grapes
130,84,183,24.39,92.13,4.17,221.68,grapes
105,143,21,41.21,62.89,5.83,231.83,grapes
1,92,35,9.43,86.19,6.37,198.27,grapes
127,138,35,17.79,76.17,4.82,89.96,grapes
28,109,56,34.83,32.37,3.57,237.44,grapes
70,74,143,20.73,69.23,5.07,50.6,grapes
20,135,86,17.69,83.82,6.91,34.77,grapes
113,30,19,11.68,77.99,8.66,95.99,grapes
75,127,87,14.32,96.58,7.94,244.38,grapes
0,74,140,16.44,55.34,7.03,196.9,grapes
3,130,179,14.11,97.05,3.6,154.72,grapes
48,20,149,15.54,34.72,4.33,220.32,grapes
65,129,67,38.0,35.5,7.4,183.85,grapes
14,46,97,42.25,45.09,8.48,226.86,grapes
35,52,55,42.22,76.75,3.83,267.59,grapes
76,120,10,12.84,41.54,9.35,134.58,grapes
64,56,80,22.0,18.08,8.63,189.23,grapes
114,61,70,30.56,72.89,4.3,240.22,grapes
41,114,26,19.92,77.67,5.5,251.51,grapes
53,116,22,43.62,72.41,9.8,28.07,grapes
122,125,65,9.16,58.74,7.13,177.12,grapes
85,137,191,22.26,96.89,6.95,100.61,grapes
124,65,55,9.3,61.4,8.04,52.04,grapes
122,67,115,17.08,59.94,8.77,48.88,grapes
47,36,124,33.44,56.96,9.07,55.33,grapes
109,20,63,42.66,24.89,6.19,154.66,grapes
102,58,187,37.01,23.3,9.81,193.42,grapes
27,22,30,25.51,39.67,7.58,100.68,grapes
7,55,89,10.03,88.67,5.39,20.51,grapes
92,121,142,18.4,26.84,5.04,282.12,grapes
121,128,14,8.71,25.63,7.95,53.67,grapes
117,84,15,32.61,14.24,9.46,51.06,grapes
89,114,196,42.09,54.21,9.1,247.03,grapes
6,60,84,8.57,61.97,5.93,161.83,grapes
111,126,16,34.16,93.87,8.65,65.67,grapes
108,39,19,20.6,61.41,5.8,55.22,grapes
85,138,184,15.31,52.86,8.6,185.32,grapes
95,36,57,33.3,82.17,7.53,62.74,grapes
80,118,188,8.88,49.41,5.63,207.44,grapes
36,41,135,40.88,82.61,9.4,293.98,grapes
17,126,168,22.86,87.95,5.11,294.69,grapes
56,12,132,15.57,56.8,6.55,272.42,grapes
107,78,171,29.77,55.29,8.72,37.56,grapes
121,82,203,12.82,90.17,7.66,65.79,grapes
94,21,141,29.92,29.42,4.94,27.04,grapes
18,138,118,36.69,24.97,9.28,208.24,grapes
139,89,24,32.96,20.1,4.71,235.97,grapes
139,103,129,31.2,16.44,8.8,240.72,grapes
136,132,90,15.73,17.47,4.79,70.02,grapes
18,119,199,30.19,98.79,7.6,260.87,grapes
66,126,91,21.73,20.76,4.6,36.58,grapes
51,130,28,15.42,51.95,3.92,251.09,grapes
79,104,44,24.72,78.02,7.46,244.86,grapes
108,8,76,14.12,42.84,7.39,181.22,grapes
47,121,165,35.11,83.76,3.71,151.0,grapes
107,57,146,42.64,85.74,6.63,233.52,grapes
127,74,151,18.15,59.65,3.83,64.39,grapes
23,84,138,30.54,74.54,7.67,291.0,grapes
80,75,183,13.63,51.58,6.04,228.19,grapes
98,102,46,17.98,57.02,4.53,115.39,grapes
76,49,119,10.4,85.35,7.1,207.83,grapes
91,81,29,24.93,96.24,8.41,291.48,grapes
82,119,13,10.32,63.68,5.79,97.13,grapes
47,73,185,19.41,87.1,8.92,119.78,grapes
133,139,41,16.69,57.84,5.93,145.58,grapes
43,51,39,24.28,25.48,3.81,237.11,grapes
106,135,201,25.03,68.21,9.31,137.34,grapes
50,127,9,8.06,88.95,3.69,219.57,grapes
7,36,32,16.88,52.71,3.64,199.4,watermelon
61,31,49,31.54,49.79,4.65,212.95,watermelon
135,84,86,32.25,23.89,7.95,143.63,watermelon
55,19,189,15.12,86.53,4.8,228.01,watermelon
39,18,191,42.32,22.69,5.48,191.18,watermelon
114,138,59,15.92,38.25,6.34,67.91,watermelon
92,26,101,36.15,27.39,6.01,157.2,watermelon
8,28,19,19.39,17.06,4.38,233.93,watermelon
121,80,168,37.17,25.61,6.5,282.8,watermelon
0,72,92,28.0,28.63,5.52,138.86,watermelon
78,99,186,41.37,71.2,7.92,240.35,watermelon
16,121,64,40.97,38.76,4.69,202.47,watermelon
70,43,73,13.35,49.6,6.59,93.78,watermelon
14,73,183,25.61,82.27,7.73,50.18,watermelon
7,8,25,32.48,68.62,9.32,25.05,watermelon
42,41,189,13.48,29.19,5.33,287.64,watermelon
33,80,101,29.09,71.98,8.65,204.56,watermelon
6,40,42,37.37,83.02,8.91,52.35,watermelon
92,111,130,10.37,28.37,9.85,177.64,watermelon
62,31,97,31.91,50.07,9.68,211.48,watermelon
51,111,47,27.51,93.04,9.26,145.49,watermelon
79,45,136,15.15,38.14,9.9,95.04,watermelon
81,112,201,18.58,32.56,4.52,107.55,watermelon
99,53,149,24.93,89.13,8.38,163.66,watermelon
2,7,106,22.5,92.02,8.24,172.0,watermelon
8,122,69,31.59,49.98,8.07,261.15,watermelon
9,76,68,30.7,20.84,6.62,63.35,watermelon
104,51,91,40.8,99.41,4.18,85.25,watermelon
71,144,158,11.52,15.29,4.53,298.88,watermelon
106,7,119,30.91,85.73,8.62,116.73,watermelon
18,115,26,40.21,60.66,9.76,246.8,watermelon
127,87,142,26.18,90.29,5.79,126.02,watermelon
100,136,17,27.93,56.69,5.46,279.62,watermelon
0,64,144,31.44,80.05,9.65,159.87,watermelon
24,136,196,40.29,47.95,9.6,155.84,watermelon
133,23,191,40.36,94.08,9.65,23.66,watermelon
28,19,91,17.08,83.72,9.56,58.06,watermelon
3,59,70,9.23,28.65,6.7,186.3,watermelon
80,91,24,43.96,98.9,9.14,130.5,watermelon
49,32,8,31.35,40.61,7.38,166.65,watermelon
39,101,144,8.43,39.21,3.54,125.34,watermelon
75,96,14,30.59,81.46,7.65,229.5,watermelon
90,83,90,10.44,76.23,8.66,101.06,watermelon
47,121,110,38.48,19.49,3.7,92.38,watermelon
111,93,40,19.28,78.82,4.91,128.79,watermelon
11,55,125,31.97,32.38,7.71,138.91,watermelon
90,78,204,24.35,47.18,9.79,129.51,watermelon
120,47,12,23.34,38.73,4.53,99.0,watermelon
14,134,65,26.6,57.41,4.46,49.08,watermelon
66,87,6,34.93,30.94,8.47,252.99,watermelon
53,71,168,21.86,77.61,6.17,226.26,watermelon
20,96,163,40.35,28.14,8.65,241.75,watermelon
76,89,50,27.37,92.06,8.92,157.33,watermelon
85,16,196,42.12,24.87,9.73,84.58,watermelon
13,110,56,19.5,28.07,6.29,146.64,watermelon
22,121,110,34.36,21.55,7.78,270.83,watermelon
16,106,184,19.65,15.99,6.7,155.41,watermelon
57,97,176,17.3,55.35,9.85,212.26,watermelon
87,24,18,35.64,17.48,4.29,76.86,watermelon
79,75,159,9.31,67.34,5.38,44.2,watermelon
110,11,164,24.55,34.37,7.51,104.42,watermelon
103,58,42,18.87,69.93,5.61,129.61,watermelon
52,132,183,22.79,75.96,6.77,284.2,watermelon
102,81,121,36.74,81.37,5.75,103.71,watermelon
99,129,29,10.98,24.85,4.69,163.37,watermelon
120,36,153,10.21,59.2,6.68,60.37,watermelon
87,50,140,15.71,19.55,7.18,194.17,watermelon
25,50,122,37.67,76.23,8.83,76.23,watermelon
27,129,161,20.61,92.87,4.36,208.02,watermelon
132,79,63,13.54,82.24,9.36,67.48,watermelon
77,117,113,23.94,16.94,5.55,246.92,watermelon
119,138,112,23.44,48.34,4.68,130.73,watermelon
94,60,36,18.74,65.48,6.72,34.53,watermelon
86,25,59,19.7,27.6,5.67,25.74,watermelon
114,52,127,39.39,73.11,4.21,61.37,watermelon
49,6,59,35.97,89.03,4.88,43.47,watermelon
94,85,65,37.85,52.17,7.15,167.58,watermelon
94,63,41,31.51,57.2,8.12,21.66,watermelon
133,27,130,43.28,47.86,4.96,67.97,watermelon
62,42,132,13.31,82.54,3.9,212.24,watermelon
33,61,178,41.45,40.1,9.03,238.83,watermelon
94,17,32,28.05,37.91,6.05,67.64,watermelon
97,11,170,20.21,41.75,7.63,258.42,watermelon
86,19,127,24.22,15.0,7.06,205.23,watermelon
136,111,91,12.19,65.3,5.26,42.3,watermelon
19,37,104,31.23,73.11,5.88,93.47,watermelon
119,78,15,30.03,46.12,7.99,254.0,watermelon
95,54,121,29.16,35.69,4.8,115.31,watermelon
86,20,67,26.54,28.22,9.76,50.22,watermelon
57,83,65,32.83,87.28,7.08,169.0,watermelon
19,63,73,28.86,38.65,5.85,43.49,watermelon
128,17,159,35.74,67.05,7.33,101.91,watermelon
137,55,151,39.38,55.71,5.46,164.94,watermelon
56,66,11,12.5,17.57,5.3,88.39,watermelon
18,13,65,24.35,75.88,4.19,256.91,watermelon
139,14,69,13.23,41.2,9.75,91.91,watermelon
8,58,30,26.63,51.18,9.85,279.72,watermelon
47,111,58,19.34,63.5,9.58,260.56,watermelon
101,66,50,15.24,93.33,8.96,236.97,watermelon
79,20,108,24.72,35.79,6.73,28.54,watermelon
8,38,161,23.22,58.47,5.87,227.42,muskmelon
11,101,125,33.4,78.14,8.59,229.37,muskmelon
46,62,137,30.5,87.45,8.64,31.58,muskmelon
127,128,150,11.67,65.72,9.09,53.55,muskmelon
115,61,132,41.72,46.52,7.19,241.76,muskmelon
98,46,155,12.88,39.05,4.43,247.14,muskmelon
68,125,113,17.56,74.57,8.64,86.89,muskmelon
111,69,159,25.12,65.84,9.81,282.57,muskmelon
107,51,6,22.32,50.82,9.13,289.05,muskmelon
10,142,116,29.64,75.04,9.58,88.49,muskmelon
132,56,142,35.96,61.49,7.73,110.41,muskmelon
28,31,150,41.8,59.92,7.31,28.78,muskmelon
20,106,135,23.12,57.7,3.9,253.56,muskmelon
112,46,24,25.86,28.54,4.31,281.14,muskmelon
4,53,128,22.46,92.17,7.58,235.37,muskmelon
39,21,192,25.88,37.82,6.92,117.58,muskmelon
108,57,139,23.78,16.61,8.43,194.11,muskmelon
19,7,169,16.35,82.62,7.1,21.62,muskmelon
72,109,122,14.52,71.79,6.44,297.7,muskmelon
12,73,173,42.34,84.02,9.29,24.38,muskmelon
9,32,125,38.14,22.02,8.23,288.78,muskmelon
66,78,99,39.57,24.84,9.1,163.42,muskmelon
112,114,118,33.23,93.71,5.9,87.64,muskmelon
9,132,103,30.73,65.3,5.54,146.4,muskmelon
69,113,176,11.35,64.68,6.91,94.59,muskmelon
11,15,74,24.14,36.02,4.27,47.59,muskmelon
83,111,172,8.68,22.65,6.68,213.19,muskmelon
113,17,90,33.15,74.54,6.65,276.17,muskmelon
124,114,41,15.18,40.46,3.77,197.39,muskmelon
110,128,161,35.75,42.14,5.05,67.34,muskmelon
103,120,19,23.65,42.45,4.64,234.29,muskmelon
10,137,73,13.26,38.87,5.48,166.13,muskmelon
126,20,187,10.76,83.7,9.75,200.51,muskmelon
16,115,168,10.87,49.95,9.53,222.02,muskmelon
120,52,14,38.27,69.36,7.4,150.86,muskmelon
113,25,83,32.07,68.17,3.61,171.53,muskmelon
35,31,76,10.31,29.44,8.4,158.19,muskmelon
21,21,11,20.65,36.78,5.74,218.33,muskmelon
41,67,85,42.11,44.6,5.1,192.54,muskmelon
15,70,9,23.43,29.68,9.53,231.42,muskmelon
6,54,146,40.57,43.3,5.91,273.79,muskmelon
90,33,132,21.91,32.17,7.55,293.28,muskmelon
129,74,114,20.38,73.67,9.16,152.19,muskmelon
130,104,133,19.69,48.08,6.1,177.03,muskmelon
103,131,59,15.26,20.73,8.54,253.94,muskmelon
107,12,181,14.79,23.76,7.0,218.6,muskmelon
23,64,182,27.13,83.28,8.56,182.78,muskmelon
38,46,115,10.87,80.91,6.66,177.96,muskmelon
109,104,67,8.43,39.86,7.2,125.26,muskmelon
70,11,204,37.26,71.17,5.67,39.74,muskmelon
100,99,91,11.39,68.5,5.33,233.99,muskmelon
112,8,92,26.95,48.03,4.65,255.62,muskmelon
80,142,181,22.66,33.98,6.92,75.67,muskmelon
88,58,189,9.9,19.1,5.45,271.04,muskmelon
12,7,6,17.52,59.38,6.81,278.82,muskmelon
126,36,53,43.43,16.61,9.89,194.62,muskmelon
57,24,166,17.84,93.52,5.77,205.26,muskmelon
53,116,177,28.74,73.89,4.55,61.63,muskmelon
111,114,10,11.76,34.43,5.93,153.25,muskmelon
46,48,109,28.25,25.59,4.47,241.95,muskmelon
7,20,95,20.78,20.24,7.81,251.05,muskmelon
80,37,35,10.73,70.91,6.37,145.05,muskmelon
89,136,13,33.76,76.06,5.31,253.89,muskmelon
15,26,76,12.36,28.51,5.52,186.28,muskmelon
132,11,55,10.8,46.13,7.91,207.88,muskmelon
9,77,52,40.37,67.64,3.54,72.17,muskmelon
15,57,44,30.96,39.46,8.05,67.41,muskmelon
38,106,134,10.67,53.97,7.44,46.61,muskmelon
53,114,16,27.64,95.71,4.65,27.12,muskmelon
64,106,199,13.77,60.83,6.91,41.24,muskmelon
126,88,14,31.12,37.74,4.89,91.17,muskmelon
12,51,107,37.96,38.48,5.83,150.06,muskmelon
43,6,105,20.87,76.73,9.67,63.59,muskmelon
34,79,180,8.75,65.95,7.79,188.71,muskmelon
47,71,168,20.45,43.93,6.5,113.56,muskmelon
132,123,90,24.23,85.11,4.13,217.1,muskmelon
29,130,70,16.94,69.26,5.26,162.0,muskmelon
84,62,83,38.19,64.07,5.09,205.15,muskmelon
90,37,158,40.08,56.67,8.78,132.6,muskmelon
10,59,6,15.43,73.11,5.76,219.64,muskmelon
29,14,190,42.3,48.86,5.66,23.98,muskmelon
17,62,64,14.5,48.96,5.78,241.48,muskmelon
73,70,172,16.09,76.51,8.03,62.92,muskmelon
29,126,153,20.35,34.8,6.05,25.37,muskmelon
38,28,129,16.2,56.16,5.79,251.79,muskmelon
131,55,56,15.39,77.4,7.98,88.96,muskmelon
27,123,111,42.99,87.12,8.02,101.33,muskmelon
25,125,28,14.86,52.03,3.96,129.1,muskmelon
12,135,164,19.89,65.2,9.08,33.32,muskmelon
18,68,105,32.78,39.36,9.35,97.16,muskmelon
2,28,92,26.04,41.66,4.35,125.39,muskmelon
118,124,39,27.11,64.73,4.78,100.45,muskmelon
135,80,180,16.1,58.67,7.1,284.59,muskmelon
38,70,10,28.17,35.93,5.18,30.99,muskmelon
43,95,165,33.42,81.31,6.41,215.46,muskmelon
76,30,25,23.3,26.11,6.78,184.41,muskmelon
49,99,27,33.98,20.42,9.35,25.78,muskmelon
2,135,133,38.08,97.18,6.31,130.14,muskmelon
49,82,158,27.87,33.86,8.26,168.96,muskmelon
103,139,121,26.23,71.78,9.33,160.61,muskmelon
45,80,14,26.0,26.12,4.89,201.35,apple
127,108,190,25.31,56.9,4.88,96.12,apple
99,29,143,36.55,25.41,6.82,238.14,apple
109,126,92,27.97,63.47,4.34,148.12,apple
74,7,67,24.91,81.33,8.28,189.29,apple
72,135,130,35.66,50.57,6.43,164.95,apple
79,46,68,36.53,40.38,3.73,281.18,apple
131,134,126,35.66,33.06,5.22,87.96,apple
0,21,20,31.04,94.78,3.51,223.22,apple
118,45,147,39.84,32.45,7.56,233.05,apple
98,76,117,20.2,29.1,6.2,242.27,apple
39,107,128,22.37,66.92,5.84,129.98,apple
57,113,125,27.52,80.08,4.07,79.12,apple
31,5,21,10.84,79.62,7.24,30.67,apple
8,34,88,28.63,93.61,7.63,136.13,apple
64,82,156,12.71,72.12,7.08,241.11,apple
134,47,61,12.07,85.23,5.11,237.64,apple
105,75,157,24.57,45.34,5.76,198.18,apple
73,130,20,43.8,98.28,9.15,180.96,apple
15,134,60,16.97,75.82,7.36,276.6,apple
99,17,69,36.41,44.83,4.26,299.01,apple
78,110,67,12.15,48.99,8.93,122.94,apple
70,90,158,10.01,63.36,9.02,154.79,apple
129,131,113,13.56,48.43,5.85,176.68,apple
5,130,107,8.18,50.79,4.76,275.02,apple
39,111,96,15.39,75.25,7.21,68.12,apple
24,37,92,27.97,50.37,7.12,122.33,apple
68,44,183,32.24,90.65,8.64,71.53,apple
86,52,65,15.21,99.19,8.63,229.52,apple
15,81,190,28.64,32.94,9.02,227.96,apple
8,55,80,28.1,92.89,6.01,256.59,apple
53,120,148,28.87,45.83,3.62,55.73,apple
77,26,112,15.63,16.54,6.28,97.79,apple
112,101,189,27.15,21.9,6.35,299.86,apple
40,52,163,19.21,62.83,9.78,271.48,apple
29,49,84,39.48,78.43,9.51,35.09,apple
23,120,17,18.42,35.8,5.62,95.54,apple
27,54,134,28.49,93.82,6.89,119.01,apple
105,96,124,20.58,77.8,8.34,206.73,apple
51,86,181,35.72,87.74,3.5,121.48,apple
116,118,198,34.99,25.69,3.93,293.3,apple
129,19,109,23.96,30.02,6.61,252.45,apple
30,131,23,20.74,65.89,5.5,274.75,apple
117,51,196,37.37,52.73,5.58,151.91,apple
28,128,21,38.88,91.19,9.56,131.3,apple
103,43,187,34.74,29.47,9.35,230.32,apple
82,77,106,31.18,79.61,8.36,268.1,apple
131,50,191,9.16,67.72,6.17,176.86,apple
20,114,98,29.75,78.43,9.49,185.65,apple
118,38,148,40.84,90.78,7.68,208.23,apple
63,6,113,41.7,96.51,4.83,107.13,apple
29,12,42,41.19,26.11,4.94,176.28,apple
71,47,191,12.2,45.63,3.66,199.97,apple
120,84,81,24.57,91.72,6.12,166.98,apple
33,126,113,14.76,84.62,9.35,170.34,apple
52,54,76,33.3,52.94,5.06,265.66,apple
19,70,51,37.46,99.17,4.73,44.29,apple
131,90,187,26.83,68.44,7.2,92.59,apple
1,84,157,20.53,75.83,8.41,136.51,apple
133,85,22,10.27,23.28,7.66,107.5,apple
31,128,112,38.49,85.2,5.95,184.95,apple
16,53,85,27.16,66.19,6.63,134.24,apple
85,27,109,32.31,68.46,6.46,175.69,apple
86,19,127,30.5,35.72,7.78,229.16,apple
20,31,6,16.98,90.6,8.1,40.43,apple
12,130,188,38.14,15.34,7.63,141.74,apple
118,104,45,9.42,15.24,4.26,201.75,apple
87,11,81,24.89,93.52,6.04,194.98,apple
77,31,124,38.89,47.66,9.19,87.26,apple
37,56,76,27.4,36.16,5.84,141.57,apple
98,56,144,22.82,58.62,3.72,208.84,apple
78,133,70,25.93,53.36,6.82,59.18,apple
93,19,182,32.83,54.36,6.31,144.96,apple
38,112,21,21.53,69.04,6.67,257.76,apple
35,68,99,23.22,30.13,3.64,165.61,apple
7,52,89,41.45,75.7,8.38,76.41,apple
114,54,183,29.53,32.21,8.95,139.67,apple
71,143,84,14.02,16.45,7.53,293.28,apple
46,76,11,28.53,91.95,8.52,194.3,apple
83,33,118,18.5,38.33,5.03,265.03,apple
7,90,121,27.64,74.78,8.56,74.25,apple
107,24,184,21.78,64.67,7.65,146.49,apple
44,87,150,23.09,15.46,5.84,96.64,apple
43,111,40,34.14,57.85,4.33,230.02,apple
12,45,132,41.53,41.73,9.43,242.04,apple
97,64,13,8.42,64.56,6.71,264.55,apple
80,104,17,32.48,71.54,9.53,250.46,apple
98,105,109,9.94,44.99,8.7,191.24,apple
82,137,109,41.2,55.3,7.49,252.45,apple
0,96,62,21.49,93.6,8.81,50.52,apple
71,73,10,11.55,67.24,4.42,166.26,apple
133,15,81,28.77,44.45,8.75,239.1,apple
27,106,11,34.59,83.32,5.29,123.04,apple
65,65,82,8.13,18.0,3.53,200.69,apple
139,86,13,40.86,30.58,5.99,283.29,apple
23,112,37,14.87,61.54,5.12,287.57,apple
101,126,192,16.72,49.61,4.99,157.58,apple
59,126,145,11.2,73.68,4.57,240.18,apple
49,18,138,36.1,38.67,6.08,227.06,apple
40,98,61,33.37,91.84,6.28,156.67,apple
89,76,18,25.71,59.7,4.79,99.71,orange
24,135,73,36.3,46.42,4.14,197.46,orange
119,39,165,8.08,46.7,8.74,122.55,orange
37,128,153,21.14,91.78,6.72,150.14,orange
130,47,51,30.79,18.56,5.06,242.73,orange
1,39,14,17.15,88.14,9.22,74.36,orange
125,89,89,19.14,62.94,5.07,159.2,orange
116,76,78,19.99,48.4,6.21,195.33,orange
37,48,189,13.72,30.83,9.73,62.87,orange
22,128,90,9.51,29.2,9.04,177.61,orange
108,72,28,14.97,61.63,5.95,64.04,orange
90,138,167,17.89,55.26,8.27,77.48,orange
37,47,107,11.73,86.04,4.48,43.22,orange
10,124,156,21.99,51.24,4.42,250.37,orange
121,63,100,20.37,27.25,5.2,91.51,orange
119,29,90,34.24,95.91,8.84,272.81,orange
73,81,58,21.33,15.74,6.85,161.42,orange
100,77,76,40.81,27.91,5.86,138.71,orange
95,75,23,26.87,63.2,8.96,245.66,orange
82,55,58,23.68,39.34,3.82,156.43,orange
6,73,98,29.83,22.92,8.85,248.08,orange
12,22,46,8.92,82.52,7.34,219.06,orange
78,102,177,24.65,65.72,8.55,80.26,orange
53,61,155,10.24,79.92,8.1,266.88,orange
116,67,188,17.11,83.48,4.57,215.57,orange
78,69,73,30.33,60.8,8.23,217.66,orange
39,138,31,39.45,51.18,6.14,233.99,orange
130,16,95,40.12,16.65,8.29,232.46,orange
28,116,192,20.09,14.27,9.64,185.79,orange
59,144,117,35.62,91.86,6.12,286.86,orange
22,141,87,13.73,51.44,6.07,181.2,orange
99,31,178,38.9,40.64,9.72,53.0,orange
94,42,177,43.9,59.13,6.98,129.72,orange
21,20,36,30.68,86.71,5.4,119.19,orange
20,60,50,24.17,70.14,8.98,100.4,orange
30,75,12,25.0,61.63,6.89,110.09,orange
116,42,103,36.9,26.0,8.47,195.24,orange
133,17,191,20.05,29.81,7.85,35.88,orange
71,141,130,20.08,41.97,9.41,136.86,orange
94,82,58,34.94,88.71,6.93,230.53,orange
90,141,105,29.39,82.89,6.04,79.41,orange
115,68,22,14.22,44.76,5.36,192.14,orange
14,11,21,38.17,59.17,4.83,166.91,orange
100,20,201,32.57,86.89,7.94,280.99,orange
30,51,47,28.59,90.91,6.54,284.63,orange
27,90,86,32.75,54.44,6.44,295.42,orange
122,78,11,25.88,65.6,4.66,171.46,orange
23,30,129,28.33,54.46,3.81,266.97,orange
1,116,31,13.01,14.29,5.07,217.28,orange
22,77,31,34.2,20.33,4.93,229.6,orange
91,87,195,30.11,30.19,5.33,153.26,orange
58,107,90,41.29,22.95,5.98,83.31,orange
59,64,110,12.62,33.32,8.69,265.98,orange
55,16,59,34.19,45.88,4.68,144.06,orange
0,21,203,10.34,45.72,8.83,111.37,orange
90,118,182,40.32,34.86,5.76,286.05,orange
131,36,86,32.44,33.87,6.76,268.59,orange
122,38,193,21.41,53.19,4.63,197.52,orange
136,137,102,35.24,66.5,5.83,78.78,orange
127,143,56,16.09,30.79,4.56,237.61,orange
105,100,12,10.85,70.46,3.62,252.93,orange
111,46,161,18.26,78.71,3.7,99.33,orange
18,57,89,33.56,18.12,6.11,217.41,orange
123,85,197,12.23,95.55,4.94,299.9,orange
117,137,41,8.08,90.43,5.23,207.02,orange
15,24,81,23.93,56.47,5.5,154.89,orange
8,46,178,16.36,91.18,9.02,162.54,orange
72,65,68,37.5,25.24,4.61,115.45,orange
61,107,64,35.49,22.34,5.75,254.43,orange
10,142,171,31.68,19.5,4.56,104.27,orange
66,56,137,19.56,44.65,5.14,91.29,orange
95,121,204,33.99,71.32,4.36,134.24,orange
19,126,141,33.11,57.54,3.66,278.93,orange
40,42,121,42.89,31.17,3.88,289.27,orange
15,13,11,40.04,69.98,6.54,259.29,orange
128,100,126,26.82,61.3,4.12,57.05,orange
134,54,134,43.25,75.23,6.66,260.05,orange
4,9,117,35.49,57.93,7.06,135.15,orange
55,21,188,26.23,21.38,9.7,30.83,orange
77,60,84,25.0,76.52,9.9,297.27,orange
9,73,89,16.91,85.68,6.09,289.36,orange
17,97,184,22.59,32.11,7.3,231.66,orange
119,72,70,34.34,36.09,4.62,213.39,orange
87,37,109,10.38,32.57,4.32,107.47,orange
78,46,184,31.62,66.35,6.14,152.67,orange
103,121,105,13.53,29.48,6.28,245.93,orange
24,119,176,27.28,19.18,4.02,200.04,orange
14,20,6,29.42,41.93,3.66,230.04,orange
113,39,27,23.13,63.63,9.09,261.81,orange
54,12,172,35.91,51.24,4.73,273.24,orange
105,40,164,8.11,34.88,5.57,290.48,orange
74,134,199,37.73,44.24,9.3,294.87,orange
30,96,194,35.78,33.21,4.02,264.98,orange
91,133,191,13.86,49.07,8.82,205.08,orange
76,137,24,40.29,93.65,5.92,68.6,orange
27,78,85,42.08,35.21,7.78,227.24,orange
122,56,168,24.49,62.96,7.93,185.81,orange
63,80,65,22.41,73.33,9.3,56.6,orange
68,74,9,10.53,73.25,4.62,186.99,orange
6,76,119,33.15,36.12,7.11,169.25,orange
91,85,151,19.33,18.5,9.57,199.62,papaya
66,66,135,43.77,21.92,5.04,265.6,papaya
120,83,14,38.98,58.88,4.74,269.77,papaya
12,51,155,33.3,17.61,9.3,155.65,papaya
84,57,134,38.33,54.07,4.1,217.91,papaya
62,69,43,8.56,49.95,4.05,46.37,papaya
85,34,176,41.27,80.68,7.18,214.78,papaya
62,124,109,21.26,75.32,3.76,128.2,papaya
78,12,101,8.83,25.47,7.69,244.64,papaya
126,78,130,29.58,94.59,4.57,220.94,papaya
94,75,96,39.0,83.93,3.71,45.5,papaya
52,106,198,27.16,37.02,9.33,123.11,papaya
13,19,152,8.48,61.11,8.26,80.74,papaya
8,40,121,40.58,62.16,6.38,201.07,papaya
134,109,146,19.96,54.47,5.51,216.05,papaya
7,73,194,10.15,99.39,3.96,32.89,papaya
118,61,35,34.43,22.95,8.55,169.05,papaya
73,118,101,26.7,54.15,9.01,286.86,papaya
139,48,17,37.37,48.68,9.49,285.97,papaya
119,104,153,15.37,45.91,7.56,25.08,papaya
125,138,77,22.37,52.52,8.95,237.18,papaya
55,79,7,42.16,94.85,5.95,145.16,papaya
89,60,100,43.5,79.96,9.53,80.53,papaya
127,82,169,30.32,26.67,4.52,23.98,papaya
30,139,109,8.8,66.42,5.85,136.39,papaya
47,143,161,9.71,96.49,3.96,182.25,papaya
109,100,172,20.6,63.91,4.94,38.17,papaya
14,69,92,15.58,43.13,7.09,186.07,papaya
94,15,122,17.85,29.02,5.58,75.84,papaya
89,12,156,43.65,21.8,7.77,99.35,papaya
121,112,52,10.26,67.54,4.71,179.33,papaya
4,28,179,26.45,67.4,8.74,233.19,papaya
81,73,35,23.75,36.02,4.27,275.22,papaya
53,144,24,9.38,37.65,8.84,102.29,papaya
112,21,180,32.05,50.93,6.32,38.38,papaya
49,126,94,25.77,73.9,5.24,103.08,papaya
101,33,155,23.85,82.45,7.4,50.96,papaya
44,55,105,27.05,89.35,6.46,98.24,papaya
66,66,137,29.18,43.53,7.78,83.89,papaya
37,47,121,20.64,45.05,8.95,175.06,papaya
38,75,131,42.29,16.14,5.91,270.82,papaya
68,34,119,37.56,60.94,5.66,90.25,papaya
35,59,48,32.27,31.58,9.47,94.06,papaya
12,126,148,28.28,23.78,4.39,104.01,papaya
118,39,160,37.4,79.48,5.18,88.69,papaya
19,100,42,30.81,33.12,3.84,192.24,papaya
49,56,90,16.12,91.8,6.54,82.7,papaya
81,68,141,12.75,71.13,4.87,141.2,papaya
31,104,134,34.08,69.48,5.31,102.77,papaya
48,140,195,25.04,83.01,8.21,103.25,papaya
39,110,31,42.01,81.05,7.35,147.39,papaya
52,95,85,35.8,88.01,3.58,211.65,papaya
104,102,38,30.88,26.76,8.4,39.14,papaya
34,133,116,39.92,76.76,4.55,178.43,papaya
135,63,22,38.93,48.7,6.05,67.57,papaya
15,16,79,21.07,95.84,9.56,60.57,papaya
52,58,169,22.14,14.38,5.25,187.34,papaya
78,107,115,19.52,17.2,5.81,24.89,papaya
21,135,83,41.74,21.52,7.07,91.09,papaya
25,140,54,28.8,19.6,6.28,57.86,papaya
48,50,167,24.81,33.59,4.78,139.12,papaya
16,142,22,8.67,76.32,5.74,107.73,papaya
30,70,151,30.1,40.8,9.84,144.63,papaya
22,135,91,19.62,60.91,4.44,146.72,papaya
17,41,190,14.91,63.98,6.74,131.62,papaya
67,28,82,11.56,49.77,5.45,279.15,papaya
106,103,126,18.47,36.92,8.38,91.91,papaya
58,56,10,37.93,45.39,4.14,208.64,papaya
67,64,128,30.59,98.23,6.47,248.9,papaya
78,67,180,40.04,81.58,5.4,172.6,papaya
33,43,71,30.79,61.66,8.01,136.89,papaya
66,83,182,14.27,67.48,3.66,131.86,papaya
67,32,18,24.91,62.24,4.41,175.88,papaya
88,36,141,18.06,94.1,7.87,93.49,papaya
9,84,138,38.87,19.04,4.88,299.6,papaya
78,64,46,14.58,66.45,8.15,108.05,papaya
14,40,19,28.08,63.6,4.56,132.77,papaya
51,142,177,41.96,76.17,7.91,291.08,papaya
20,116,175,27.66,61.04,3.84,131.61,papaya
77,26,68,33.09,99.79,5.57,163.94,papaya
46,36,190,39.8,27.79,5.67,113.86,papaya
1,114,128,21.61,83.14,8.62,282.02,papaya
44,20,35,10.5,63.05,8.34,50.96,papaya
14,53,176,11.43,24.27,8.51,118.03,papaya
3,112,171,29.39,74.9,8.83,54.02,papaya
11,133,120,23.26,57.79,9.55,173.5,papaya
112,107,124,33.63,86.41,6.47,233.1,papaya
136,19,41,38.99,84.66,4.28,257.6,papaya
104,62,99,23.55,83.52,5.19,21.1,papaya
14,51,89,37.1,58.77,8.13,122.57,papaya
130,39,189,42.13,63.18,5.46,158.75,papaya
29,94,139,20.8,77.63,6.76,88.38,papaya
62,40,95,32.43,54.66,9.26,114.12,papaya
112,73,120,35.32,36.86,4.47,216.2,papaya
69,20,115,38.11,95.7,8.66,125.71,papaya
72,90,35,9.2,47.17,9.28,86.92,papaya
98,90,171,19.57,17.22,9.37,59.1,papaya
39,29,168,36.48,65.76,7.17,148.35,papaya
31,101,168,24.2,64.2,5.3,41.73,papaya
74,5,194,21.72,66.78,7.49,154.88,papaya
80,133,36,37.61,57.4,9.17,268.24,coconut
73,115,107,20.69,48.66,3.61,248.14,coconut
73,87,177,10.66,29.05,9.19,190.43,coconut
80,14,159,21.39,39.7,8.99,299.61,coconut
57,49,128,20.79,63.39,8.83,212.67,coconut
13,5,189,40.6,17.17,4.91,106.68,coconut
80,7,102,21.11,20.91,9.18,75.54,coconut
93,88,25,42.11,53.89,3.88,224.19,coconut
102,61,41,28.55,80.41,9.44,93.12,coconut
102,33,35,12.23,29.45,9.71,174.46,coconut
112,78,91,13.34,68.7,9.58,299.09,coconut
96,102,38,38.83,24.1,7.91,134.48,coconut
96,125,59,12.85,58.6,8.42,66.0,coconut
66,88,184,28.5,49.3,4.73,228.64,coconut
105,133,10,12.68,56.71,6.11,215.69,coconut
17,25,23,33.51,67.62,7.62,219.94,coconut
48,69,170,43.46,84.01,4.55,21.57,coconut
49,52,164,33.75,17.15,6.25,231.25,coconut
96,84,150,19.98,21.28,9.54,164.84,coconut
22,111,175,16.95,51.13,7.56,91.96,coconut
80,111,73,36.75,96.95,4.47,25.12,coconut
137,9,120,27.64,87.78,7.84,102.9,coconut
136,24,96,33.64,22.14,8.19,227.02,coconut
63,34,112,23.23,86.78,7.79,225.18,coconut
58,101,48,35.33,19.84,7.81,299.22,coconut
93,97,8,28.81,59.36,4.53,220.33,coconut
115,74,127,18.81,79.05,6.28,176.37,coconut
65,104,65,41.2,70.48,6.29,241.18,coconut
84,17,169,12.7,34.83,5.06,265.69,coconut
57,34,150,24.63,99.92,8.87,227.12,coconut
70,11,201,36.02,22.03,4.61,23.44,coconut
101,83,83,26.96,45.08,7.51,28.56,coconut
133,125,67,41.67,45.39,6.9,287.16,coconut
81,17,28,27.15,44.68,8.57,232.28,coconut
0,130,36,41.78,81.88,4.33,42.76,coconut
22,33,102,33.25,75.61,6.41,152.76,coconut
57,29,27,41.72,83.07,6.23,197.78,coconut
3,139,50,33.86,23.55,5.06,103.41,coconut
105,38,89,20.6,52.19,3.91,242.8,coconut
130,8,11,12.38,19.59,9.74,210.73,coconut
38,23,80,34.3,33.57,4.15,136.13,coconut
74,128,52,30.17,25.21,4.23,33.44,coconut
62,16,38,34.44,73.02,5.54,69.5,coconut
48,82,188,38.84,65.05,6.82,228.15,coconut
6,17,130,21.65,80.36,6.81,217.23,coconut
109,30,80,12.64,34.61,9.0,278.89,coconut
102,109,172,11.54,42.15,4.37,63.78,coconut
47,97,175,9.77,73.71,8.83,256.98,coconut
132,142,56,33.38,44.97,3.79,64.19,coconut
86,37,72,40.33,82.2,7.0,138.2,coconut
52,78,53,11.42,41.59,5.98,194.33,coconut
138,112,198,24.11,92.86,6.49,97.01,coconut
118,76,24,28.62,48.53,6.25,290.98,coconut
2,11,192,42.08,22.64,4.5,288.8,coconut
12,122,11,8.17,89.14,5.47,282.8,coconut
117,88,171,32.48,75.92,4.04,49.82,coconut
105,73,99,43.25,96.55,5.61,268.06,coconut
17,52,141,17.48,31.66,5.19,274.79,coconut
129,42,44,33.4,72.11,8.66,103.02,coconut
133,7,18,34.97,62.6,6.37,106.6,coconut
128,19,41,39.57,60.74,5.02,258.31,coconut
95,139,38,31.13,53.4,8.57,26.76,coconut
42,85,7,37.1,27.75,5.28,112.35,coconut
102,142,184,34.98,57.85,8.69,142.38,coconut
25,26,30,15.65,31.92,4.3,73.09,coconut
112,16,7,43.18,88.26,5.57,149.86,coconut
126,90,119,16.85,55.0,9.39,222.72,coconut
61,108,77,32.16,16.78,7.25,175.06,coconut
125,28,6,37.07,18.63,3.95,143.35,coconut
52,50,49,17.83,35.03,4.38,257.74,coconut
81,29,143,39.43,77.87,7.72,133.92,coconut
0,140,198,18.86,86.89,8.36,103.18,coconut
84,46,5,42.35,80.5,9.47,217.99,coconut
120,49,78,25.03,82.98,8.55,232.8,coconut
117,79,10,37.64,27.27,5.64,165.03,coconut
61,111,87,32.13,53.86,7.43,96.31,coconut
9,70,12,39.64,85.87,4.97,29.97,coconut
44,69,71,11.63,64.51,6.39,236.87,coconut
130,73,93,9.02,15.28,4.33,90.47,coconut
112,25,139,12.97,71.91,7.32,102.45,coconut
46,90,14,21.57,68.02,7.0,84.73,coconut
60,17,20,38.99,78.78,7.04,121.44,coconut
37,107,60,20.51,66.87,8.86,71.4,coconut
126,59,59,37.15,61.61,8.92,165.19,coconut
57,41,53,37.63,93.45,7.59,249.82,coconut
132,75,189,16.4,94.95,7.27,107.13,coconut
71,132,49,32.46,41.13,8.57,56.53,coconut
103,85,91,40.34,64.0,5.75,85.13,coconut
30,11,162,30.37,58.85,9.02,157.68,coconut
49,126,179,32.4,61.29,5.62,67.31,coconut
81,71,21,25.48,42.85,4.03,174.08,coconut
40,144,119,12.01,32.24,6.53,291.21,coconut
77,50,42,27.07,79.56,3.75,282.07,coconut
15,18,84,41.38,21.79,4.23,29.29,coconut
128,119,195,32.04,80.96,8.47,169.82,coconut
32,26,186,28.2,59.88,8.77,294.88,coconut
73,123,184,24.07,19.89,4.58,241.56,coconut
48,26,90,14.03,86.05,9.65,31.45,coconut
133,18,165,37.36,67.14,9.55,201.0,coconut
129,40,122,43.49,32.4,7.33,238.45,coconut
109,103,126,30.49,90.47,4.84,294.93,cotton
14,21,22,23.51,96.08,4.82,107.27,cotton
14,127,131,43.61,90.44,5.6,138.4,cotton
4,57,126,30.12,72.45,5.75,107.89,cotton
100,83,137,23.11,30.18,3.55,291.62,cotton
24,12,153,13.05,64.51,4.79,241.22,cotton
93,23,132,33.22,70.3,3.81,49.01,cotton
81,101,139,32.79,85.45,6.12,213.98,cotton
18,35,81,31.75,41.83,5.68,205.34,cotton
58,118,165,13.61,81.94,3.91,74.34,cotton
118,143,101,16.13,61.05,9.61,159.08,cotton
1,36,142,13.23,53.89,8.46,114.45,cotton
126,13,204,25.91,26.74,8.69,137.77,cotton
62,25,9,22.28,45.82,5.32,275.29,cotton
115,101,25,40.43,40.91,7.17,160.21,cotton
5,60,53,8.57,84.86,9.12,210.92,cotton
64,55,175,12.32,77.46,4.32,126.92,cotton
11,108,85,8.13,36.41,6.94,169.2,cotton
118,69,63,17.68,99.89,3.96,32.2,cotton
68,111,43,43.25,70.32,9.13,79.91,cotton
62,80,86,14.43,14.11,8.96,220.2,cotton
124,61,97,23.64,26.94,6.48,210.13,cotton
9,130,15,31.46,30.23,3.9,138.82,cotton
133,70,126,26.4,27.22,7.44,63.44,cotton
0,115,16,9.53,50.1,6.45,241.5,cotton
107,100,63,13.39,33.46,6.5,138.96,cotton
130,97,95,35.44,99.15,8.48,102.86,cotton
25,122,5,12.92,61.41,7.37,217.54,cotton
60,33,99,19.89,72.61,5.74,79.53,cotton
21,84,134,10.33,77.54,4.85,130.16,cotton
25,134,60,15.46,42.89,4.36,40.77,cotton
49,88,157,27.52,79.83,8.88,245.88,cotton
111,73,195,33.39,94.58,4.94,151.1,cotton
44,130,183,22.52,46.17,5.23,103.16,cotton
138,82,155,24.85,98.83,6.22,189.14,cotton
60,115,82,31.33,48.75,3.6,185.67,cotton
30,123,98,19.67,34.27,5.62,287.3,cotton
73,81,89,14.96,60.19,8.94,33.86,cotton
132,128,36,18.67,49.7,8.62,105.79,cotton
19,76,192,12.84,38.89,7.74,191.67,cotton
53,143,169,30.95,89.79,7.25,238.01,cotton
86,69,135,36.23,71.35,9.26,99.84,cotton
112,12,76,12.38,65.12,5.71,29.77,cotton
18,57,183,36.87,92.7,8.34,250.28,cotton
2,100,201,15.51,79.8,9.57,220.71,cotton
71,86,61,17.91,54.74,8.46,244.46,cotton
32,119,132,28.73,47.11,4.31,127.97,cotton
50,101,24,39.18,90.58,5.23,29.8,cotton
7,90,93,33.42,98.83,6.84,251.4,cotton
20,13,152,34.03,50.09,4.12,31.2,cotton
0,73,41,34.57,56.15,3.68,37.97,cotton
42,41,29,37.18,49.42,8.28,133.13,cotton
1,140,100,43.71,43.7,6.13,66.37,cotton
63,61,123,18.26,53.13,5.36,85.4,cotton
88,14,56,22.45,75.82,9.11,141.83,cotton
42,33,110,25.42,32.78,7.36,176.4,cotton
100,136,134,35.12,39.31,8.39,228.73,cotton
109,65,167,34.92,48.18,4.85,165.96,cotton
67,26,36,30.24,78.64,4.87,220.62,cotton
8,38,77,17.02,26.02,6.0,99.56,cotton
18,20,79,35.07,17.93,4.79,241.75,cotton
42,54,7,36.7,53.3,5.6,64.31,cotton
134,110,85,36.03,18.85,6.86,43.35,cotton
24,45,73,40.53,92.01,7.97,279.33,cotton
89,70,92,15.84,42.14,7.52,68.34,cotton
18,70,64,28.52,77.14,9.59,43.37,cotton
87,11,10,28.28,79.6,5.85,172.67,cotton
93,133,83,9.02,25.79,4.61,35.23,cotton
132,56,146,39.48,32.35,5.58,62.21,cotton
68,57,128,17.96,97.82,5.16,106.6,cotton
126,75,21,30.01,29.35,5.91,150.99,cotton
68,124,51,30.6,14.01,3.62,129.07,cotton
16,55,195,43.42,53.12,5.8,101.96,cotton
48,10,121,29.62,56.25,4.74,230.0,cotton
26,120,135,16.79,51.04,6.53,228.38,cotton
28,106,127,25.33,65.31,5.34,185.9,cotton
30,41,199,11.64,82.13,9.65,139.55,cotton
122,142,122,30.1,32.36,5.37,259.27,cotton
49,56,74,29.62,22.63,9.56,41.85,cotton
108,99,48,28.04,32.34,7.9,288.72,cotton
59,78,53,28.58,53.13,4.46,145.92,cotton
112,133,139,39.83,21.22,6.81,83.02,cotton
6,96,117,26.99,42.74,4.83,244.09,cotton
90,85,150,20.03,96.55,6.83,132.2,cotton
39,92,120,22.4,76.77,6.9,252.01,cotton
26,77,189,21.36,20.48,9.63,141.8,cotton
75,38,84,35.19,83.12,7.04,156.8,cotton
129,21,62,17.66,20.9,8.31,59.43,cotton
80,111,59,33.74,55.88,6.22,139.14,cotton
64,128,7,39.94,14.94,9.17,96.02,cotton
119,141,48,18.2,91.35,8.56,182.96,cotton
88,116,80,18.53,48.6,8.39,88.3,cotton
59,111,42,41.91,72.59,7.63,219.25,cotton
52,66,27,30.08,48.43,3.58,55.08,cotton
51,28,149,24.28,84.3,6.92,114.77,cotton
63,90,60,28.09,18.87,4.59,99.88,cotton
46,125,157,35.2,36.82,5.48,167.81,cotton
123,81,140,11.07,52.22,8.94,192.44,cotton
107,139,94,12.32,76.43,7.15,169.45,cotton
78,116,185,8.99,84.85,4.78,37.02,cotton
118,91,98,28.44,97.51,9.15,284.75,jute
104,26,146,12.65,68.43,8.11,65.04,jute
20,8,135,18.56,93.22,4.6,38.28,jute
125,19,170,20.8,91.38,4.26,106.99,jute
13,95,18,11.97,46.98,9.52,214.01,jute
3,81,62,9.56,97.79,3.61,285.34,jute
119,26,116,37.5,67.12,9.87,225.85,jute
31,71,8,22.93,17.11,5.56,233.79,jute
47,90,67,16.87,62.47,8.69,229.03,jute
102,114,24,27.76,14.3,3.76,76.24,jute
86,69,59,18.98,44.97,6.19,47.68,jute
94,103,116,21.17,76.47,6.42,173.23,jute
74,13,68,21.21,31.86,9.34,68.96,jute
88,132,178,13.42,93.39,7.12,112.2,jute
25,87,112,17.88,16.79,8.75,97.2,jute
47,30,195,13.54,74.84,9.74,85.27,jute
14,83,138,28.18,92.66,7.82,133.05,jute
87,35,51,37.41,70.21,8.87,284.46,jute
89,96,147,18.69,84.83,5.79,47.73,jute
123,58,138,22.45,30.56,5.78,67.56,jute
98,60,6,13.91,18.69,5.61,149.26,jute
67,118,198,37.67,79.9,5.9,178.36,jute
128,106,39,36.88,95.43,3.71,32.76,jute
130,28,69,28.94,58.9,5.62,171.88,jute
98,59,67,13.28,73.54,9.33,160.44,jute
125,56,150,39.2,47.91,9.42,257.37,jute
63,76,166,22.83,70.23,9.87,282.59,jute
127,111,113,24.61,54.64,5.68,287.31,jute
78,130,125,21.4,71.86,9.42,248.61,jute
100,21,42,16.69,19.36,4.65,54.86,jute
51,19,72,33.32,39.72,8.35,77.57,jute
108,115,158,40.69,19.03,7.27,177.29,jute
118,119,156,36.45,38.84,5.98,195.5,jute
76,73,48,14.73,44.21,7.17,263.03,jute
124,9,58,16.48,94.42,9.61,288.49,jute
72,42,196,22.29,84.65,4.02,108.62,jute
14,135,199,14.69,14.41,6.76,175.55,jute
0,75,107,27.51,32.9,7.66,273.22,jute
83,94,31,14.13,30.32,9.43,29.02,jute
40,10,134,35.42,73.88,5.03,53.2,jute
137,23,72,28.53,35.54,5.49,258.01,jute
52,102,46,37.79,16.12,7.82,281.1,jute
49,80,181,16.46,22.63,4.45,216.57,jute
103,9,127,23.71,68.41,4.28,96.34,jute
134,140,76,43.68,51.1,9.07,271.02,jute
14,120,13,34.88,41.99,7.78,220.73,jute
30,106,7,32.65,30.06,6.98,296.2,jute
93,36,51,29.65,75.25,5.53,171.06,jute
123,17,130,38.74,80.35,3.91,193.92,jute
132,82,113,42.45,89.6,6.09,101.62,jute
50,7,132,30.97,19.37,7.68,275.24,jute
54,123,124,20.59,21.98,6.81,79.77,jute
85,117,193,16.45,36.56,8.01,69.61,jute
61,128,132,34.91,23.92,4.96,47.69,jute
129,141,189,39.95,62.71,7.86,114.93,jute
88,46,39,28.57,35.11,7.67,253.03,jute
78,49,203,31.47,17.33,4.67,270.19,jute
76,60,116,19.16,47.78,5.78,253.2,jute
40,13,12,43.43,84.87,7.05,102.68,jute
48,104,86,32.01,52.45,9.48,259.18,jute
80,19,125,32.34,33.85,8.56,185.58,jute
113,105,177,20.82,46.02,5.54,193.92,jute
111,123,190,16.9,15.51,7.46,148.21,jute
14,27,198,37.27,94.88,5.65,168.37,jute
63,110,78,23.53,52.35,5.48,190.06,jute
63,38,99,19.89,33.88,9.19,35.39,jute
18,141,78,35.73,45.9,8.17,134.99,jute
14,32,136,32.73,53.5,7.12,214.34,jute
80,43,42,14.63,86.27,4.28,80.2,jute
96,5,57,41.02,53.51,4.0,288.72,jute
12,73,70,17.96,75.46,5.96,235.85,jute
129,19,50,19.83,23.28,9.48,101.48,jute
109,101,49,20.06,80.95,8.97,141.97,jute
34,46,137,40.86,78.92,4.95,268.73,jute
84,82,147,37.93,30.2,8.52,186.93,jute
76,22,107,33.38,60.74,6.86,101.77,jute
135,39,73,10.33,77.11,5.56,117.15,jute
139,8,166,23.93,27.37,7.31,90.15,jute
102,28,69,8.96,21.91,7.89,140.11,jute
66,76,99,8.29,67.04,4.1,238.66,jute
62,50,151,16.54,51.63,8.98,66.88,jute
62,45,11,33.64,46.33,9.44,46.45,jute
20,132,199,16.14,70.45,4.55,35.67,jute
109,70,166,41.49,73.11,5.55,75.65,jute
35,23,95,34.91,76.83,3.8,173.91,jute
97,23,45,17.26,37.21,6.13,88.14,jute
101,14,171,39.01,85.48,5.31,173.37,jute
75,66,145,23.2,25.28,9.7,295.56,jute
132,85,150,22.06,46.8,5.18,32.52,jute
133,54,198,41.28,70.91,9.17,220.84,jute
47,91,133,38.94,22.74,5.72,170.71,jute
81,83,154,36.91,48.37,4.71,232.52,jute
119,89,90,19.38,55.62,8.71,287.09,jute
6,79,62,33.86,66.65,5.33,203.0,jute
122,80,44,25.35,97.31,7.8,63.05,jute
109,86,82,18.63,15.84,9.54,67.52,jute
22,42,176,37.58,97.64,3.87,63.73,jute
117,10,79,29.82,44.9,3.87,199.11,jute
128,140,106,25.7,15.59,4.45,125.88,jute
130,130,198,19.13,90.17,5.41,228.93,jute
11,144,37,11.95,50.52,3.61,29.4,coffee
122,110,196,29.19,89.14,8.55,208.65,coffee
87,28,44,40.14,99.85,4.66,53.71,coffee
20,99,180,40.5,60.72,7.19,217.4,coffee
106,97,137,32.26,22.98,6.41,157.97,coffee
33,64,194,33.89,69.28,6.83,210.9,coffee
27,52,100,39.43,38.44,7.28,173.09,coffee
28,62,52,19.49,87.34,4.91,70.47,coffee
67,77,105,39.02,28.11,3.67,45.2,coffee
85,50,94,21.44,90.43,6.4,108.27,coffee
74,85,132,9.88,59.95,5.43,99.79,coffee
121,124,92,43.42,39.02,8.58,157.33,coffee
112,66,51,14.07,68.31,4.05,285.12,coffee
4,35,41,12.65,95.36,8.06,227.67,coffee
42,44,67,17.58,90.57,9.77,158.4,coffee
15,63,51,36.27,24.5,4.71,79.23,coffee
135,127,184,19.32,21.28,6.47,229.47,coffee
47,49,186,14.09,57.92,6.17,81.37,coffee
125,50,125,20.25,41.36,9.62,240.94,coffee
44,122,200,12.88,49.76,4.45,203.91,coffee
22,65,169,32.48,94.7,7.59,121.96,coffee
27,100,111,10.84,37.81,5.09,85.67,coffee
41,99,182,19.81,84.55,4.68,150.1,coffee
124,91,57,10.01,98.08,8.56,157.23,coffee
39,73,139,21.99,59.68,9.22,91.89,coffee
64,31,111,41.76,48.87,7.14,241.38,coffee
33,39,156,20.78,38.17,5.18,82.31,coffee
88,133,89,32.96,35.57,5.12,196.08,coffee
65,123,116,30.08,31.15,5.18,228.76,coffee
113,38,105,8.42,97.07,6.53,243.49,coffee
30,82,57,23.55,59.4,5.25,274.38,coffee
65,87,98,38.59,40.83,8.73,54.24,coffee
17,51,164,14.32,35.26,9.73,131.2,coffee
63,115,198,25.66,20.37,3.72,151.25,coffee
30,85,50,22.24,67.71,9.66,252.83,coffee
87,125,7,12.61,58.04,5.29,65.13,coffee
70,132,201,33.16,53.24,6.9,60.99,coffee
70,79,78,22.81,65.67,4.53,78.97,coffee
33,66,23,19.15,39.55,5.46,267.74,coffee
103,9,62,40.54,17.81,5.56,179.37,coffee
128,42,111,16.24,31.29,9.31,93.91,coffee
43,10,160,31.94,81.6,8.05,61.34,coffee
16,13,82,23.84,35.75,7.87,222.79,coffee
97,7,143,12.42,96.83,4.29,91.37,coffee
49,128,94,21.57,93.28,3.73,259.72,coffee
64,95,186,15.13,18.22,4.19,166.91,coffee
131,130,185,41.31,52.43,4.61,33.39,coffee
112,118,142,22.97,96.97,8.2,37.32,coffee
69,18,126,31.41,32.1,7.96,106.74,coffee
97,119,44,32.45,79.65,6.25,261.26,coffee
58,95,102,11.37,32.14,5.03,276.94,coffee
31,75,204,20.4,30.32,8.94,216.81,coffee
59,37,185,33.75,20.43,9.37,227.63,coffee
40,89,93,20.63,37.51,7.2,281.38,coffee
103,16,164,34.02,96.9,9.46,233.43,coffee
68,127,166,34.79,79.34,7.66,130.56,coffee
110,65,111,35.43,22.56,6.04,49.01,coffee
95,35,38,32.87,72.7,8.89,57.12,coffee
128,129,81,10.79,65.02,4.71,121.15,coffee
126,72,137,27.91,32.19,5.34,274.93,coffee
58,54,155,15.26,20.4,3.63,286.43,coffee
76,125,150,37.92,92.41,5.13,236.31,coffee
136,27,82,28.75,95.89,6.33,213.43,coffee
101,73,137,20.63,32.64,7.25,117.47,coffee
22,117,34,10.32,22.57,6.18,248.14,coffee
61,61,5,35.66,38.84,6.12,166.71,coffee
100,101,157,23.56,61.46,8.83,244.66,coffee
3,42,24,30.84,71.83,7.85,94.3,coffee
44,101,37,15.19,15.75,7.1,150.28,coffee
88,21,60,43.45,80.26,9.68,164.01,coffee
115,139,172,40.28,39.79,4.66,144.81,coffee
95,48,195,20.51,94.1,4.43,197.07,coffee
136,103,152,19.74,62.42,4.7,244.17,coffee
89,110,176,24.38,78.31,5.3,25.57,coffee
96,137,96,37.13,61.45,5.53,55.38,coffee
45,15,16,33.27,97.41,6.28,133.69,coffee
1,78,135,34.1,15.35,5.35,199.61,coffee
13,128,47,29.7,30.07,6.97,99.1,coffee
82,49,78,10.28,98.79,3.7,205.5,coffee
111,39,41,26.56,25.47,9.77,92.17,coffee
88,19,169,25.78,79.02,6.84,99.98,coffee
71,102,94,12.26,45.82,4.47,92.23,coffee
133,138,30,16.08,57.88,6.83,185.31,coffee
55,109,188,31.02,89.07,6.12,67.47,coffee
131,14,195,38.26,85.59,7.77,206.42,coffee
112,67,120,11.33,75.28,3.95,158.98,coffee
64,47,61,39.33,28.66,5.76,236.77,coffee
54,42,19,13.07,58.78,8.81,31.15,coffee
54,56,8,19.35,89.27,5.72,177.33,coffee
6,113,24,30.58,50.13,3.89,157.01,coffee
125,47,103,31.21,67.01,5.0,171.87,coffee
87,99,21,28.63,98.06,5.02,119.49,coffee
113,72,114,22.55,74.36,3.75,287.99,coffee
101,115,111,12.93,62.6,7.52,260.17,coffee
60,127,59,26.65,58.88,6.95,164.97,coffee
112,31,153,33.38,31.62,9.23,280.01,coffee
82,14,191,26.35,29.09,8.66,268.76,coffee
5,77,167,11.44,51.9,7.83,69.11,coffee
137,29,176,11.5,87.58,6.57,251.6,coffee
110,80,74,42.19,27.04,4.02,140.85,coffee
